id,scope,slice,kind,old,new,declared_at,consumers,persisted,category,decision_ref,status,owner,notes
crm-cookie-c60f36ce,crm,3,cookie,pipe_sessao,pipe_session,apps/crm/src/lib/sessao.ts:48,29,no,,D-38,proposed,codex2,cookie rename per D-38; accepted logout at deploy
crm-dir-153faccf,crm,3,dir,apps/crm/src/app/configuracoes/papeis,apps/crm/src/app/settings/roles,apps/crm/src/app/configuracoes/papeis,0,no,,,proposed,codex2,
crm-dir-15f590a7,crm,3,dir,apps/crm/src/app/configuracoes/faixas,apps/crm/src/app/settings/tiers,apps/crm/src/app/configuracoes/faixas,0,no,,,proposed,codex2,
crm-dir-1be7d6a6,crm,3,dir,apps/crm/src/app/configuracoes/espaco,apps/crm/src/app/settings/workspace,apps/crm/src/app/configuracoes/espaco,0,no,,,proposed,codex2,
crm-dir-31a0cb70,crm,3,dir,apps/crm/src/app/oportunidades/[id],apps/crm/src/app/opportunities/[id],apps/crm/src/app/oportunidades/[id],0,no,,,proposed,codex2,
crm-dir-31c98a40,crm,3,dir,apps/crm/src/app/configuracoes,apps/crm/src/app/settings,apps/crm/src/app/configuracoes,0,no,,,proposed,codex2,
crm-dir-383b1209,crm,3,dir,apps/crm/src/app/configuracoes/papeis/[id],apps/crm/src/app/settings/roles/[id],apps/crm/src/app/configuracoes/papeis/[id],0,no,,,proposed,codex2,
crm-dir-52db9eba,crm,3,dir,apps/crm/src/app/configuracoes/membros,apps/crm/src/app/settings/members,apps/crm/src/app/configuracoes/membros,0,no,,,proposed,codex2,
crm-dir-55efeeb8,crm,3,dir,apps/crm/src/app/contas,apps/crm/src/app/accounts,apps/crm/src/app/contas,0,no,,,proposed,codex2,
crm-dir-5def0c9b,crm,3,dir,apps/crm/src/app/contatos/[id],apps/crm/src/app/contacts/[id],apps/crm/src/app/contatos/[id],0,no,,,proposed,codex2,
crm-dir-6dbafdb0,crm,3,dir,apps/crm/src/app/contas/[id],apps/crm/src/app/accounts/[id],apps/crm/src/app/contas/[id],0,no,,,proposed,codex2,
crm-dir-8ab72315,crm,3,dir,apps/crm/src/app/configuracoes/campos,apps/crm/src/app/settings/fields,apps/crm/src/app/configuracoes/campos,0,no,,,proposed,codex2,
crm-dir-8bef5370,crm,3,dir,apps/crm/src/app/oportunidades,apps/crm/src/app/opportunities,apps/crm/src/app/oportunidades,0,no,,,proposed,codex2,
crm-dir-8f29e313,crm,3,dir,apps/crm/src/app/configuracoes/regras-de-score,apps/crm/src/app/settings/score-rules,apps/crm/src/app/configuracoes/regras-de-score,0,no,,,proposed,codex2,
crm-dir-9e1f990c,crm,3,dir,apps/crm/src/app/configuracoes/perfil,apps/crm/src/app/settings/profile,apps/crm/src/app/configuracoes/perfil,0,no,,,proposed,codex2,
crm-dir-a1e20795,crm,3,dir,apps/crm/src/componentes,apps/crm/src/components,apps/crm/src/componentes,0,no,,,proposed,codex2,
crm-dir-a4f85cbf,crm,3,dir,apps/crm/src/app/contatos,apps/crm/src/app/contacts,apps/crm/src/app/contatos,0,no,,,proposed,codex2,
crm-dir-a4fdf59f,crm,3,dir,apps/crm/src/app/entrar,apps/crm/src/app/login,apps/crm/src/app/entrar,0,no,,,proposed,codex2,
crm-dir-a7a3d892,crm,3,dir,apps/crm/src/app/configuracoes/api,apps/crm/src/app/settings/api,apps/crm/src/app/configuracoes/api,0,no,,,proposed,codex2,
crm-dir-ba591664,crm,3,dir,apps/crm/src/app/convite,apps/crm/src/app/invite,apps/crm/src/app/convite,0,no,,,proposed,codex2,
crm-dir-c240f0c1,crm,3,dir,apps/crm/semente,apps/crm/seed,apps/crm/semente,0,no,,,proposed,codex2,
crm-dir-c4f7e19a,crm,3,dir,apps/crm/src/app/convite/[token],apps/crm/src/app/invite/[token],apps/crm/src/app/convite/[token],0,no,,,proposed,codex2,
crm-dir-e4513886,crm,3,dir,apps/crm/src/componentes/configuracoes,apps/crm/src/components/settings,apps/crm/src/componentes/configuracoes,0,no,,,proposed,codex2,
crm-file-0f098198,crm,3,file,visoes-salvas.tsx,apps/crm/src/components/views-salvas.tsx,apps/crm/src/componentes/visoes-salvas.tsx,1,no,,,proposed,codex2,
crm-file-1dfc3285,crm,3,file,globais.css,apps/crm/src/app/global.css,apps/crm/src/app/globais.css,22,no,,,proposed,codex2,
crm-file-208cc940,crm,3,file,acoes.ts,apps/crm/src/app/opportunities/actions.ts,apps/crm/src/app/oportunidades/acoes.ts,39,no,,,proposed,codex2,
crm-file-2e89a74a,crm,3,file,configuracoes-dados.ts,apps/crm/src/lib/settings-data.ts,apps/crm/src/lib/configuracoes-dados.ts,1,no,,,proposed,codex2,
crm-file-56ce9ad9,crm,3,file,busca-tipos.ts,apps/crm/src/lib/search-tipos.ts,apps/crm/src/lib/busca-tipos.ts,1,no,,,proposed,codex2,
crm-file-5d202dec,crm,3,file,contas.ts,apps/crm/src/lib/accounts.ts,apps/crm/src/lib/contas.ts,2,no,,,proposed,codex2,
crm-file-6ff65e67,crm,3,file,configuracoes-comum.test.ts,apps/crm/tests/settings-comum.test.ts,apps/crm/tests/configuracoes-comum.test.ts,0,no,,,proposed,codex2,
crm-file-7cccde37,crm,3,file,formato.ts,apps/crm/src/lib/format.ts,apps/crm/src/lib/formato.ts,3,no,,,proposed,codex2,
crm-file-94680544,crm,3,file,acoes.ts,apps/crm/src/app/settings/actions.ts,apps/crm/src/app/configuracoes/acoes.ts,39,no,,,proposed,codex2,
crm-file-96424cd0,crm,3,file,acoes-busca.ts,apps/crm/src/app/actions-search.ts,apps/crm/src/app/acoes-busca.ts,0,no,,,proposed,codex2,
crm-file-9d503c0d,crm,3,file,configuracoes.css,apps/crm/src/app/settings/settings.css,apps/crm/src/app/configuracoes/configuracoes.css,11,no,,,proposed,codex2,
crm-file-ab490673,crm,3,file,filtros.tsx,apps/crm/src/components/filters.tsx,apps/crm/src/componentes/filtros.tsx,0,no,,,proposed,codex2,
crm-file-b47dcf00,crm,3,file,filtros.test.ts,apps/crm/tests/filters.test.ts,apps/crm/tests/filtros.test.ts,0,no,,,proposed,codex2,
crm-file-b706005f,crm,3,file,configuracoes-comum.ts,apps/crm/src/lib/settings-comum.ts,apps/crm/src/lib/configuracoes-comum.ts,3,no,,,proposed,codex2,
crm-file-b77ac8d4,crm,3,file,sessao.ts,apps/crm/src/lib/session.ts,apps/crm/src/lib/sessao.ts,20,no,,,proposed,codex2,
crm-file-d0826a00,crm,3,file,painel.ts,apps/crm/src/lib/panel.ts,apps/crm/src/lib/painel.ts,0,no,,,proposed,codex2,
crm-file-d5843ccf,crm,3,file,banco.ts,apps/crm/src/lib/database.ts,apps/crm/src/lib/banco.ts,12,no,,,proposed,codex2,
crm-file-da82429d,crm,3,file,acoes.ts,apps/crm/src/app/login/actions.ts,apps/crm/src/app/entrar/acoes.ts,39,no,,,proposed,codex2,
crm-file-dd781318,crm,3,file,busca.ts,apps/crm/src/lib/search.ts,apps/crm/src/lib/busca.ts,1,no,,,proposed,codex2,
crm-file-e6e81ed4,crm,3,file,estrutura-crm.tsx,apps/crm/src/components/structure-crm.tsx,apps/crm/src/componentes/estrutura-crm.tsx,12,no,,,proposed,codex2,
crm-file-eafb2892,crm,3,file,linha-do-tempo.tsx,apps/crm/src/components/linha-of-time.tsx,apps/crm/src/componentes/linha-do-tempo.tsx,0,no,,,proposed,codex2,
crm-file-ee1b573d,crm,3,file,semente-crm.ts,apps/crm/seed/seed-crm.ts,apps/crm/semente/semente-crm.ts,3,no,,,proposed,codex2,
crm-file-f97bc38d,crm,3,file,contatos.ts,apps/crm/src/lib/contacts.ts,apps/crm/src/lib/contatos.ts,0,no,,,proposed,codex2,
crm-file-fe8b32d0,crm,3,file,acoes.ts,apps/crm/src/app/leads/actions.ts,apps/crm/src/app/leads/acoes.ts,39,no,,,proposed,codex2,
crm-front-route-0736e905,crm,3,front-route,/configuracoes,/settings,apps/crm/src/app/configuracoes/page.tsx,5,no,,,proposed,codex2,
crm-front-route-07e0e538,crm,3,front-route,/configuracoes/api,/settings/api,apps/crm/src/app/configuracoes/api/page.tsx,7,no,,,proposed,codex2,
crm-front-route-09f8e27a,crm,3,front-route,/contas,/accounts,apps/crm/src/app/contas/page.tsx,3,no,,,proposed,codex2,
crm-front-route-0d0c5e5b,crm,3,front-route,/configuracoes/perfil,/settings/profile,apps/crm/src/app/configuracoes/perfil/page.tsx,3,no,,,proposed,codex2,
crm-front-route-214f19df,crm,3,front-route,/contatos,/contacts,apps/crm/src/app/contatos/page.tsx,3,no,,,proposed,codex2,
crm-front-route-2ea1e404,crm,3,front-route,/configuracoes/membros,/settings/members,apps/crm/src/app/configuracoes/membros/page.tsx,6,no,,,proposed,codex2,
crm-front-route-34d9114c,crm,3,front-route,/oportunidades,/opportunities,apps/crm/src/app/oportunidades/page.tsx,9,no,,,proposed,codex2,
crm-front-route-410a4d50,crm,3,front-route,/convite/:*,/invite/:token,apps/crm/src/app/convite/[token]/page.tsx,3,no,,D-14,proposed,codex2,invite route; same value in desk-vite.csv and gestao-vite.csv
crm-front-route-4fdda532,crm,3,front-route,/configuracoes/regras-de-score,/settings/score-rules,apps/crm/src/app/configuracoes/regras-de-score/page.tsx,2,no,,,proposed,codex2,
crm-front-route-525671ef,crm,3,front-route,/entrar,/login,apps/crm/src/app/entrar/page.tsx,13,no,,,proposed,codex2,
crm-front-route-571e090e,crm,3,front-route,/oportunidades/:*,/opportunities/:id,apps/crm/src/app/oportunidades/[id]/page.tsx,5,no,,,proposed,codex2,
crm-front-route-689e3425,crm,3,front-route,/configuracoes/campos,/settings/fields,apps/crm/src/app/configuracoes/campos/page.tsx,5,no,,,proposed,codex2,
crm-front-route-a1049bf7,crm,3,front-route,/configuracoes/faixas,/settings/tiers,apps/crm/src/app/configuracoes/faixas/page.tsx,2,no,,,proposed,codex2,
crm-front-route-b15f7769,crm,3,front-route,/contas/:*,/accounts/:id,apps/crm/src/app/contas/[id]/page.tsx,10,no,,,proposed,codex2,
crm-front-route-b48d6eae,crm,3,front-route,/contatos/:*,/contacts/:id,apps/crm/src/app/contatos/[id]/page.tsx,5,no,,,proposed,codex2,
crm-front-route-b7d8a8d8,crm,3,front-route,/configuracoes/papeis,/settings/roles,apps/crm/src/app/configuracoes/papeis/page.tsx,9,no,,,proposed,codex2,
crm-front-route-cbdcfd55,crm,3,front-route,/configuracoes/espaco,/settings/workspace,apps/crm/src/app/configuracoes/espaco/page.tsx,4,no,,,proposed,codex2,
crm-front-route-ceb72bcd,crm,3,front-route,/configuracoes/papeis/:*,/settings/roles/:id,apps/crm/src/app/configuracoes/papeis/[id]/page.tsx,2,no,,,proposed,codex2,
crm-front-route-ecefc767,crm,3,front-route,/configuracoes,/settings,apps/crm/src/app/configuracoes/layout.tsx,5,no,,,proposed,codex2,
crm-literal-value-1804af4e,crm,3,literal-value,nenhuma,KEEP,apps/crm/src/lib/leads-visao.ts:162,268,no,,D-11,proposed,codex2,"glossary-exception: persisted classification unresolved (01-08), deferred to STD-06"
crm-literal-value-2f2faffa,crm,3,literal-value,conta,KEEP,apps/crm/src/lib/busca-tipos.ts:12,808,no,,D-11,proposed,codex2,"glossary-exception: persisted classification unresolved (01-08), deferred to STD-06"
crm-literal-value-357bf3d9,crm,3,literal-value,historico,KEEP,apps/crm/src/app/oportunidades/[id]/page.tsx:34,41,no,,D-11,proposed,codex2,"glossary-exception: persisted classification unresolved (01-08), deferred to STD-06"
crm-literal-value-3a1a83c5,crm,3,literal-value,contato,KEEP,apps/crm/src/lib/busca.ts:94,1026,no,,D-11,proposed,codex2,"glossary-exception: persisted classification unresolved (01-08), deferred to STD-06"
crm-literal-value-3e291847,crm,3,literal-value,oportunidade,KEEP,apps/crm/src/lib/busca-tipos.ts:12,69,no,,D-11,proposed,codex2,"glossary-exception: persisted classification unresolved (01-08), deferred to STD-06"
crm-literal-value-4205a833,crm,3,literal-value,oportunidade,KEEP,apps/crm/src/lib/busca.ts:80,69,no,,D-11,proposed,codex2,"glossary-exception: persisted classification unresolved (01-08), deferred to STD-06"
crm-literal-value-61d477a8,crm,3,literal-value,oportunidades,KEEP,apps/crm/src/app/contas/[id]/page.tsx:38,53,no,,D-11,proposed,codex2,"glossary-exception: persisted classification unresolved (01-08), deferred to STD-06"
crm-literal-value-88b34d83,crm,3,literal-value,conta,KEEP,apps/crm/src/lib/busca.ts:87,808,no,,D-11,proposed,codex2,"glossary-exception: persisted classification unresolved (01-08), deferred to STD-06"
crm-literal-value-8af421d4,crm,3,literal-value,asc,KEEP,apps/crm/src/lib/leads-visao.ts:163,153,no,,D-11,proposed,codex2,"glossary-exception: persisted classification unresolved (01-08), deferred to STD-06"
crm-literal-value-aa329789,crm,3,literal-value,tempo,KEEP,apps/crm/src/app/leads/[id]/page.tsx:52,280,no,,D-11,proposed,codex2,"glossary-exception: persisted classification unresolved (01-08), deferred to STD-06"
crm-literal-value-e0e1eebc,crm,3,literal-value,desc,KEEP,apps/crm/src/lib/leads-visao.ts:163,108,no,,D-11,proposed,codex2,"glossary-exception: persisted classification unresolved (01-08), deferred to STD-06"
crm-literal-value-e4fbfa3a,crm,3,literal-value,contatos,KEEP,apps/crm/src/app/contas/[id]/page.tsx:39,438,no,,D-11,proposed,codex2,"glossary-exception: persisted classification unresolved (01-08), deferred to STD-06"
crm-literal-value-ec583835,crm,3,literal-value,conta,KEEP,apps/crm/src/app/oportunidades/[id]/page.tsx:35,808,no,,D-11,proposed,codex2,"glossary-exception: persisted classification unresolved (01-08), deferred to STD-06"
crm-literal-value-efb2fad3,crm,3,literal-value,contato,KEEP,apps/crm/src/lib/busca-tipos.ts:12,1026,no,,D-11,proposed,codex2,"glossary-exception: persisted classification unresolved (01-08), deferred to STD-06"
crm-literal-value-f3343f6a,crm,3,literal-value,conversas,KEEP,apps/crm/src/app/contatos/[id]/page.tsx:37,540,no,,D-11,proposed,codex2,"glossary-exception: persisted classification unresolved (01-08), deferred to STD-06"
crm-symbol-001319c1,crm,3,symbol,filtroBusca,filterSearch,apps/crm/src/lib/leads.ts:239,6,no,,,proposed,codex2,
crm-symbol-00371eae,crm,3,symbol,listarOportunidades,listarOpportunities,apps/crm/src/lib/funil.ts:170,3,no,,,proposed,codex2,
crm-symbol-011b7e6f,crm,3,symbol,dados,data,apps/crm/semente/semente-crm.ts:572,669,no,,,proposed,codex2,
crm-symbol-02e48e9b,crm,3,symbol,revogarChave,revogarKey,apps/crm/src/lib/configuracoes-dados.ts:919,7,no,,,proposed,codex2,
crm-symbol-03e64267,crm,3,symbol,chaveDe,keyOf,apps/crm/src/lib/leads-visao.ts:114,2,no,,,proposed,codex2,
crm-symbol-04a01a96,crm,3,symbol,EstruturaCrm,StructureCrm,apps/crm/src/componentes/estrutura-crm.tsx:71,4,no,,,proposed,codex2,
crm-symbol-04b2da64,crm,3,symbol,criarWebhook,createWebhook,apps/crm/src/lib/configuracoes-dados.ts:984,13,no,,,proposed,codex2,
crm-symbol-04d0bf71,crm,3,symbol,linhasOportunidade,linhasOpportunity,apps/crm/semente/semente-crm.ts:541,2,no,,,proposed,codex2,
crm-symbol-0695f801,crm,3,symbol,Janela,Window,apps/crm/src/lib/banco.ts:105,34,no,,,proposed,codex2,
crm-symbol-07f97397,crm,3,symbol,contatos,contacts,apps/crm/src/lib/contas.ts:79,438,no,,,proposed,codex2,
crm-symbol-08679a81,crm,3,symbol,perguntasPorVersao,perguntasByVersion,apps/crm/semente/semente-crm.ts:493,1,no,,,proposed,codex2,
crm-symbol-0899f691,crm,3,symbol,busca,search,apps/crm/src/app/contatos/page.tsx:65,420,no,,,proposed,codex2,
crm-symbol-08c37ddc,crm,3,symbol,condicaoDeFiltro,filterCondition,apps/crm/src/lib/leads.ts:157,2,no,,,proposed,codex2,
crm-symbol-08d9a8c6,crm,3,symbol,acaoRevogarChave,actionRevogarKey,apps/crm/src/app/configuracoes/acoes.ts:221,3,no,,,proposed,codex2,
crm-symbol-0aa27796,crm,3,symbol,bloco,block,apps/crm/tests/configuracoes-comum.test.ts:141,665,no,,,proposed,codex2,
crm-symbol-0b159c57,crm,3,symbol,usuarioId,userId,apps/crm/src/app/configuracoes/acoes.ts:122,604,no,,,proposed,codex2,
crm-symbol-0b499e0b,crm,3,symbol,destino,destination,apps/crm/src/app/entrar/acoes.ts:27,303,no,,,proposed,codex2,
crm-symbol-0fc44bc2,crm,3,symbol,PaginaCampos,PageFields,apps/crm/src/app/configuracoes/campos/page.tsx:94,1,no,,,proposed,codex2,
crm-symbol-0ff2b9d5,crm,3,symbol,PaginaEspaco,PageWorkspace,apps/crm/src/app/configuracoes/espaco/page.tsx:50,1,no,,,proposed,codex2,
crm-symbol-1011c938,crm,3,symbol,busca,search,apps/crm/src/app/contas/page.tsx:50,420,no,,,proposed,codex2,
crm-symbol-10431b48,crm,3,symbol,LayoutConfiguracoes,LayoutSettings,apps/crm/src/app/configuracoes/layout.tsx:22,1,no,,,proposed,codex2,
crm-symbol-10bb4136,crm,3,symbol,contatos,contacts,apps/crm/src/app/contatos/page.tsx:67,438,no,,,proposed,codex2,
crm-symbol-112704b2,crm,3,symbol,CONTAS,ACCOUNTS,apps/crm/semente/semente-crm.ts:107,1,no,,,proposed,codex2,
crm-symbol-113226b7,crm,3,symbol,Filtros,SFilter,apps/crm/src/lib/leads-visao.ts:201,56,no,,,proposed,codex2,
crm-symbol-14be344a,crm,3,symbol,filtros,filters,apps/crm/tests/filtros.test.ts:49,91,no,,,proposed,codex2,
crm-symbol-152755f5,crm,3,symbol,busca,search,apps/crm/src/componentes/lista-de-leads.tsx:288,420,no,,,proposed,codex2,
crm-symbol-15ca4c7f,crm,3,symbol,porFaixa,byTier,apps/crm/src/lib/regras.ts:92,2,no,,,proposed,codex2,
crm-symbol-182ff0ac,crm,3,symbol,descobrirEntrada,descobrirInbound,apps/crm/src/lib/sessao.ts:118,16,no,,,proposed,codex2,
crm-symbol-1891b032,crm,3,symbol,ordemValida,orderValida,apps/crm/src/lib/leads-visao.ts:165,4,no,,,proposed,codex2,
crm-symbol-18a3ddb8,crm,3,symbol,BotaoDeConfirmacao,ConfirmationButton,apps/crm/src/componentes/configuracoes/formulario.tsx:117,8,no,,,proposed,codex2,
crm-symbol-18e5915e,crm,3,symbol,PaginaOportunidade,PageOpportunity,apps/crm/src/app/oportunidades/[id]/page.tsx:143,1,no,,,proposed,codex2,
crm-symbol-1b35be54,crm,3,symbol,Direcao,Direction,apps/crm/src/lib/leads-visao.ts:163,14,no,,,proposed,codex2,
crm-symbol-1b5f3088,crm,3,symbol,CartaoOportunidade,CardOpportunity,apps/crm/src/lib/funil.ts:20,2,no,,,proposed,codex2,
crm-symbol-1bfd769a,crm,3,symbol,membros,members,apps/crm/src/lib/configuracoes-dados.ts:557,128,no,,,proposed,codex2,
crm-symbol-1cb08549,crm,3,symbol,FichaConta,FichaAccount,apps/crm/src/lib/contas.ts:120,4,no,,,proposed,codex2,
crm-symbol-1d9c3861,crm,3,symbol,carregarContato,carregarContact,apps/crm/src/lib/contatos.ts:132,20,no,,,proposed,codex2,
crm-symbol-1dff44a1,crm,3,symbol,descricao,description,apps/crm/src/lib/configuracoes-dados.ts:586,299,no,,,proposed,codex2,
crm-symbol-1efd6fe8,crm,3,symbol,descricao,description,apps/crm/src/lib/configuracoes-dados.ts:750,299,no,,,proposed,codex2,
crm-symbol-2098db6f,crm,3,symbol,Contexto,Context,apps/crm/src/componentes/lista-de-leads.tsx:72,76,no,,,proposed,codex2,
crm-symbol-20bf4a82,crm,3,symbol,idsClassificacao,idsClassification,apps/crm/semente/semente-crm.ts:386,2,no,,,proposed,codex2,
crm-symbol-215e3dea,crm,3,symbol,escreverFiltros,escreverFilters,apps/crm/src/lib/leads-visao.ts:231,9,no,,,proposed,codex2,
crm-symbol-23e20acf,crm,3,symbol,PADROES,DEFAULTS,apps/crm/src/componentes/lista-de-leads.tsx:196,2,no,,,proposed,codex2,
crm-symbol-25243ccd,crm,3,symbol,AbaConta,AbaAccount,apps/crm/src/app/contas/[id]/page.tsx:42,3,no,,,proposed,codex2,
crm-symbol-27290b97,crm,3,symbol,filtro,filter,apps/crm/src/lib/contatos.ts:45,231,no,,,proposed,codex2,
crm-symbol-280bf4a4,crm,3,symbol,coluna,column,apps/crm/src/lib/funil.ts:78,520,no,,,proposed,codex2,
crm-symbol-29287c39,crm,3,symbol,recorteDaSituacao,situationRecorte,apps/crm/src/lib/funil.ts:162,3,no,,,proposed,codex2,
crm-symbol-294abfda,crm,3,symbol,PermissaoDoCatalogo,CatalogoPermission,apps/crm/src/lib/configuracoes-comum.ts:270,7,no,,,proposed,codex2,
crm-symbol-297a63fc,crm,3,symbol,TETO_DE_OPCOES,TETO_OF_OPTIONS,apps/crm/src/lib/leads.ts:175,3,no,,,proposed,codex2,
crm-symbol-2a985535,crm,3,symbol,segredo,secret,apps/crm/src/lib/configuracoes-dados.ts:995,212,no,,,proposed,codex2,
crm-symbol-2bf07d1b,crm,3,symbol,carregarConta,carregarAccount,apps/crm/src/lib/contas.ts:135,3,no,,,proposed,codex2,
crm-symbol-2ec7ae58,crm,3,symbol,PapelDetalhado,RoleDetalhado,apps/crm/src/lib/configuracoes-comum.ts:276,3,no,,,proposed,codex2,
crm-symbol-2eecd8d3,crm,3,symbol,ultimaAtividadePorLead,ultimaActivityByLead,apps/crm/src/lib/leads.ts:326,2,no,,,proposed,codex2,
crm-symbol-2fb399b7,crm,3,symbol,janelaDoMes,mesWindow,apps/crm/src/lib/banco.ts:114,4,no,,,proposed,codex2,
crm-symbol-2fc5eb12,crm,3,symbol,filas,queues,apps/crm/src/lib/leads.ts:272,297,no,,,proposed,codex2,
crm-symbol-309ead5c,crm,3,symbol,listaNoArquivo,listaInFile,apps/crm/tests/configuracoes-comum.test.ts:139,3,no,,,proposed,codex2,
crm-symbol-30a7479c,crm,3,symbol,ROTULO_ATIVIDADE,ROTULO_ACTIVITY,apps/crm/src/lib/leads-visao.ts:16,6,no,,,proposed,codex2,
crm-symbol-311c2649,crm,3,symbol,acaoAlternarMembro,actionAlternarMember,apps/crm/src/app/configuracoes/acoes.ts:121,3,no,,,proposed,codex2,
crm-symbol-3274f7b0,crm,3,symbol,PROBABILIDADE,PROBABILITY,apps/crm/semente/semente-crm.ts:131,2,no,,,proposed,codex2,
crm-symbol-33767b49,crm,3,symbol,bloco,block,apps/crm/src/lib/leads.ts:608,665,no,,,proposed,codex2,
crm-symbol-35962223,crm,3,symbol,ErroDoCrm,CrmError,apps/crm/src/app/error.tsx:24,1,no,,,proposed,codex2,
crm-symbol-36144d25,crm,3,symbol,valor,value,apps/crm/semente/semente-crm.ts:689,1656,no,,,proposed,codex2,
crm-symbol-36b417da,crm,3,symbol,listarMembros,listarMembers,apps/crm/src/lib/configuracoes-dados.ts:235,3,no,,,proposed,codex2,
crm-symbol-372372d1,crm,3,symbol,OportunidadeDaConta,AccountOpportunity,apps/crm/src/lib/contas.ts:108,5,no,,,proposed,codex2,
crm-symbol-38dfd96f,crm,3,symbol,estado,state,apps/crm/semente/semente-crm.ts:59,1269,no,,,proposed,codex2,
crm-symbol-3a32bd5e,crm,3,symbol,AGRUPAMENTOS,GROUPINGS,apps/crm/src/lib/leads-visao.ts:80,11,no,,,proposed,codex2,
crm-symbol-3ba7844f,crm,3,symbol,salvarPermissoesDoPapel,roleSalvarPermissions,apps/crm/src/lib/configuracoes-dados.ts:613,3,no,,,proposed,codex2,
crm-symbol-3c053cdf,crm,3,symbol,chave,key,apps/crm/src/lib/leads-visao.ts:125,1153,no,,,proposed,codex2,
crm-symbol-3e5df993,crm,3,symbol,PaginaOportunidades,PageOpportunities,apps/crm/src/app/oportunidades/page.tsx:88,1,no,,,proposed,codex2,
crm-symbol-3f1b655b,crm,3,symbol,ConversaDoContato,ContactConversation,apps/crm/src/lib/contatos.ts:100,2,no,,,proposed,codex2,
crm-symbol-3f844cf5,crm,3,symbol,ConviteVisivel,InvitationVisivel,apps/crm/src/lib/sessao.ts:64,12,no,,,proposed,codex2,
crm-symbol-3fdb4f02,crm,3,symbol,idsOportunidade,idsOpportunity,apps/crm/semente/semente-crm.ts:377,2,no,,,proposed,codex2,
crm-symbol-402bf60f,crm,3,symbol,Variacao,Variation,apps/crm/src/app/page.tsx:17,3,no,,,proposed,codex2,
crm-symbol-42e67a20,crm,3,symbol,Membro,Member,apps/crm/src/lib/configuracoes-comum.ts:243,16,no,,,proposed,codex2,
crm-symbol-43645023,crm,3,symbol,SecaoLateral,SectionLateral,apps/crm/src/componentes/estrutura-crm.tsx:128,2,no,,,proposed,codex2,
crm-symbol-43ea75f5,crm,3,symbol,acaoCriarCampo,actionCreateField,apps/crm/src/app/configuracoes/acoes.ts:173,3,no,,,proposed,codex2,
crm-symbol-4414ecf5,crm,3,symbol,contatos,contacts,apps/crm/src/lib/contas.ts:159,438,no,,,proposed,codex2,
crm-symbol-4419197c,crm,3,symbol,AvisoDeCarregamento,LoadingNotice,apps/crm/src/componentes/esqueleto.tsx:70,13,no,,,proposed,codex2,
crm-symbol-45c8b7b3,crm,3,symbol,listarContas,listarAccounts,apps/crm/src/lib/contas.ts:32,3,no,,,proposed,codex2,
crm-symbol-460bb91b,crm,3,symbol,filaPorNome,queueByName,apps/crm/semente/semente-crm.ts:352,1,no,,,proposed,codex2,
crm-symbol-4862a8ba,crm,3,symbol,contexto,context,apps/crm/src/componentes/lista-de-leads.tsx:251,300,no,,,proposed,codex2,
crm-symbol-490b7edf,crm,3,symbol,papelId,roleId,apps/crm/src/app/configuracoes/acoes.ts:113,121,no,,,proposed,codex2,
crm-symbol-4aeec506,crm,3,symbol,filtroValido,filterValido,apps/crm/src/lib/leads-visao.ts:212,9,no,,,proposed,codex2,
crm-symbol-4b31c20d,crm,3,symbol,agrupamentoValido,groupingValido,apps/crm/src/lib/leads-visao.ts:90,15,no,,,proposed,codex2,
crm-symbol-4b7086fc,crm,3,symbol,valor,value,apps/crm/semente/semente-crm.ts:812,1656,no,,,proposed,codex2,
crm-symbol-4c6a0197,crm,3,symbol,contagem,count,apps/crm/src/lib/regras.ts:97,134,no,,,proposed,codex2,
crm-symbol-4dcd7c4f,crm,3,symbol,ordem,order,apps/crm/src/app/leads/page.tsx:53,517,no,,,proposed,codex2,
crm-symbol-4e005644,crm,3,symbol,CONFIGURACOES,SETTINGS,apps/crm/src/componentes/estrutura-crm.tsx:47,2,no,,,proposed,codex2,
crm-symbol-505ac29d,crm,3,symbol,aoRestaurar,toRestore,apps/crm/src/componentes/redimensionar.ts:143,6,no,,,proposed,codex2,
crm-symbol-5123bb7b,crm,3,symbol,grupos,groups,apps/crm/src/app/configuracoes/papeis/[id]/page.tsx:45,85,no,,,proposed,codex2,
crm-symbol-52c34fe2,crm,3,symbol,PainelScore,PanelScore,apps/crm/src/app/leads/[id]/page.tsx:256,2,no,,,proposed,codex2,
crm-symbol-531df6be,crm,3,symbol,Secao,Section,apps/crm/src/componentes/ficha.tsx:38,27,no,,,proposed,codex2,
crm-symbol-5362088d,crm,3,symbol,filtro,filter,apps/crm/src/lib/contas.ts:35,231,no,,,proposed,codex2,
crm-symbol-548da512,crm,3,symbol,direcaoInicial,directionInitial,apps/crm/src/lib/leads-visao.ts:253,5,no,,,proposed,codex2,
crm-symbol-560a514b,crm,3,symbol,contatosPorConta,contactsByAccount,apps/crm/semente/semente-crm.ts:547,2,no,,,proposed,codex2,
crm-symbol-5655f669,crm,3,symbol,valor,value,apps/crm/src/componentes/filtros.tsx:83,1656,no,,,proposed,codex2,
crm-symbol-566dc799,crm,3,symbol,conversasParaResumir,conversationsForResumir,apps/crm/semente/semente-crm.ts:879,2,no,,,proposed,codex2,
crm-symbol-56e8ca79,crm,3,symbol,COLUNA_FIXA,COLUMN_FIXA,apps/crm/src/componentes/lista-de-leads.tsx:203,4,no,,,proposed,codex2,
crm-symbol-57022df4,crm,3,symbol,linhasClassificacao,linhasClassification,apps/crm/semente/semente-crm.ts:543,2,no,,,proposed,codex2,
crm-symbol-57e6aa7f,crm,3,symbol,LinhaContato,LinhaContact,apps/crm/src/lib/contatos.ts:29,13,no,,,proposed,codex2,
crm-symbol-5a0058d5,crm,3,symbol,maiorColuna,maiorColumn,apps/crm/src/app/page.tsx:44,3,no,,,proposed,codex2,
crm-symbol-5a2751c2,crm,3,symbol,quantasAtividades,quantasActivities,apps/crm/semente/semente-crm.ts:767,2,no,,,proposed,codex2,
crm-symbol-5a541b31,crm,3,symbol,porOportunidade,byOpportunity,apps/crm/src/lib/contas.ts:69,1,no,,,proposed,codex2,
crm-symbol-5c7e2ec8,crm,3,symbol,listarCatalogoDePermissoes,permissionsListarCatalogo,apps/crm/src/lib/configuracoes-dados.ts:526,5,no,,,proposed,codex2,
crm-symbol-5df62826,crm,3,symbol,urlDoConvite,invitationUrl,apps/crm/src/lib/configuracoes-dados.ts:314,4,no,,,proposed,codex2,
crm-symbol-5e7c45a9,crm,3,symbol,direcaoValida,directionValida,apps/crm/src/lib/leads-visao.ts:169,4,no,,,proposed,codex2,
crm-symbol-5eb1d952,crm,3,symbol,contatosDaConta,accountContacts,apps/crm/semente/semente-crm.ts:554,2,no,,,proposed,codex2,
crm-symbol-5f04f345,crm,3,symbol,conversas,conversations,apps/crm/src/lib/leads.ts:663,540,no,,,proposed,codex2,
crm-symbol-5f1b41c1,crm,3,symbol,valor,value,apps/crm/src/app/leads/acoes.ts:101,1656,no,,,proposed,codex2,
crm-symbol-5fa5dd16,crm,3,symbol,cartoes,cards,apps/crm/src/app/oportunidades/page.tsx:156,39,no,,,proposed,codex2,
crm-symbol-62bfc8dd,crm,3,symbol,carregarLinhaDoTempo,timeCarregarLinha,apps/crm/src/lib/leads.ts:633,4,no,,,proposed,codex2,
crm-symbol-62d7bd04,crm,3,symbol,atribuirEmMassa,atribuirInBulk,apps/crm/src/app/leads/acoes.ts:44,4,no,,,proposed,codex2,
crm-symbol-63323b7f,crm,3,symbol,LinhaConta,LinhaAccount,apps/crm/src/lib/contas.ts:20,8,no,,,proposed,codex2,
crm-symbol-637f1c21,crm,3,symbol,Secao,Section,apps/crm/src/componentes/configuracoes/cabecalho.tsx:20,27,no,,,proposed,codex2,
crm-symbol-63ade207,crm,3,symbol,destino,destination,apps/crm/src/componentes/colunas.tsx:278,303,no,,,proposed,codex2,
crm-symbol-644517fa,crm,3,symbol,versoes,versions,apps/crm/src/app/configuracoes/regras-de-score/page.tsx:39,32,no,,,proposed,codex2,
crm-symbol-658a05cb,crm,3,symbol,por,by,apps/crm/src/app/leads/page.tsx:52,2747,no,,,proposed,codex2,
crm-symbol-665d3d61,crm,3,symbol,acaoCriarWebhook,actionCreateWebhook,apps/crm/src/app/configuracoes/acoes.ts:230,3,no,,,proposed,codex2,
crm-symbol-6733f284,crm,3,symbol,porMes,byMes,apps/crm/src/componentes/linha-do-tempo.tsx:72,2,no,,,proposed,codex2,
crm-symbol-68095531,crm,3,symbol,moverOportunidade,moverOpportunity,apps/crm/src/app/oportunidades/acoes.ts:12,4,no,,,proposed,codex2,
crm-symbol-68bae5d1,crm,3,symbol,PaginaPainel,PagePanel,apps/crm/src/app/page.tsx:28,1,no,,,proposed,codex2,
crm-symbol-6ce2ddab,crm,3,symbol,chaveId,keyId,apps/crm/src/app/configuracoes/acoes.ts:222,26,no,,,proposed,codex2,
crm-symbol-6d2d1612,crm,3,symbol,dinheiro,money,apps/crm/src/lib/formato.ts:16,35,no,,,proposed,codex2,
crm-symbol-6eb16fe3,crm,3,symbol,valor,value,apps/crm/semente/semente-crm.ts:707,1656,no,,,proposed,codex2,
crm-symbol-6f69e8db,crm,3,symbol,porContato,byContact,apps/crm/src/lib/contas.ts:57,2,no,,,proposed,codex2,
crm-symbol-70e2c31d,crm,3,symbol,oportunidades,opportunities,apps/crm/src/lib/busca.ts:53,53,no,,,proposed,codex2,
crm-symbol-713bfaa4,crm,3,symbol,ordenacaoSql,sortingSql,apps/crm/src/lib/leads.ts:133,2,no,,,proposed,codex2,
crm-symbol-716cb7f0,crm,3,symbol,valor,value,apps/crm/src/lib/leads-visao.ts:233,1656,no,,,proposed,codex2,
crm-symbol-71d32683,crm,3,symbol,rotuloDoFiltro,filterRotulo,apps/crm/src/lib/leads-visao.ts:241,8,no,,,proposed,codex2,
crm-symbol-72899e49,crm,3,symbol,acaoDefinirPapel,actionDefinirRole,apps/crm/src/app/configuracoes/acoes.ts:111,3,no,,,proposed,codex2,
crm-symbol-72f257dc,crm,3,symbol,PaginaFicha,PageFicha,apps/crm/src/app/leads/[id]/page.tsx:116,1,no,,,proposed,codex2,
crm-symbol-7372f8db,crm,3,symbol,vazio,empty,apps/crm/src/lib/leads.ts:158,290,no,,,proposed,codex2,
crm-symbol-7459372d,crm,3,symbol,LinhaOportunidade,LinhaOpportunity,apps/crm/src/lib/funil.ts:147,8,no,,,proposed,codex2,
crm-symbol-7649eaf7,crm,3,symbol,DestaqueDaOportunidade,OpportunityDestaque,apps/crm/src/app/oportunidades/[id]/page.tsx:77,2,no,,,proposed,codex2,
crm-symbol-769b6fe5,crm,3,symbol,porContato,byContact,apps/crm/src/lib/contatos.ts:84,2,no,,,proposed,codex2,
crm-symbol-76fb6473,crm,3,symbol,urlDeEntradaComGoogle,inboundWithGoogleUrl,apps/crm/src/lib/sessao.ts:160,15,no,,,proposed,codex2,
crm-symbol-78df981c,crm,3,symbol,COLUNA_SQL,COLUMN_SQL,apps/crm/src/lib/leads.ts:106,2,no,,,proposed,codex2,
crm-symbol-791ddeaf,crm,3,symbol,EntradaDescoberta,InboundDescoberta,apps/crm/src/lib/sessao.ts:57,7,no,,,proposed,codex2,
crm-symbol-7a4a43b3,crm,3,symbol,filtros,filters,apps/crm/src/app/leads/page.tsx:55,91,no,,,proposed,codex2,
crm-symbol-7af0e7ed,crm,3,symbol,acaoSalvarPermissoes,actionSalvarPermissions,apps/crm/src/app/configuracoes/acoes.ts:145,3,no,,,proposed,codex2,
crm-symbol-7af805ce,crm,3,symbol,PRAZO_CONVITE_MS,PRAZO_INVITATION_MS,apps/crm/src/lib/configuracoes-dados.ts:292,4,no,,,proposed,codex2,
crm-symbol-7c873098,crm,3,symbol,PROBABILIDADE_POR_FASE,PROBABILITY_BY_FASE,apps/crm/src/lib/funil.ts:110,2,no,,,proposed,codex2,
crm-symbol-7d9393f8,crm,3,symbol,linhaDoTempo,timeLinha,apps/crm/src/lib/leads.ts:482,6,no,,,proposed,codex2,
crm-symbol-7f1f9375,crm,3,symbol,escoposValidos,scopesValidos,apps/crm/src/lib/configuracoes-comum.ts:173,6,no,,,proposed,codex2,
crm-symbol-7f4f6693,crm,3,symbol,SITUACOES,SITUATIONS,apps/crm/src/lib/funil.ts:131,3,no,,,proposed,codex2,
crm-symbol-7f55e8b8,crm,3,symbol,acaoCriarChave,actionCreateKey,apps/crm/src/app/configuracoes/acoes.ts:212,3,no,,,proposed,codex2,
crm-symbol-80e329f3,crm,3,symbol,contaId,accountId,apps/crm/semente/semente-crm.ts:553,27,no,,,proposed,codex2,
crm-symbol-830404bc,crm,3,symbol,banco,database,apps/crm/src/lib/banco.ts:29,356,no,,,proposed,codex2,
crm-symbol-835aa87d,crm,3,symbol,condicoes,conditions,apps/crm/src/lib/leads.ts:246,76,no,,,proposed,codex2,
crm-symbol-83ce721e,crm,3,symbol,busca,search,apps/crm/src/app/leads/page.tsx:51,420,no,,,proposed,codex2,
crm-symbol-85202475,crm,3,symbol,BarraEmMassa,BarraInBulk,apps/crm/src/componentes/lista-de-leads.tsx:652,2,no,,,proposed,codex2,
crm-symbol-85cd584e,crm,3,symbol,busca,search,apps/crm/src/app/oportunidades/page.tsx:96,420,no,,,proposed,codex2,
crm-symbol-85d095cf,crm,3,symbol,condicaoEmTexto,conditionInText,apps/crm/src/lib/regras.ts:120,4,no,,,proposed,codex2,"fixed: leftover PT token (dictionary gap: ler/texto/como/resultado/servir), gate 2 dry-run sweep"
crm-symbol-85f31c79,crm,3,symbol,conversas,conversations,apps/crm/src/lib/contatos.ts:162,540,no,,,proposed,codex2,
crm-symbol-876c1d13,crm,3,symbol,RESUMOS_ATENDIMENTO,SUMMARIES_ATTENDANCE,apps/crm/semente/semente-crm.ts:324,2,no,,,proposed,codex2,
crm-symbol-87ed277c,crm,3,symbol,Ordem,Order,apps/crm/src/lib/leads-visao.ts:162,34,no,,,proposed,codex2,
crm-symbol-88fdf5a6,crm,3,symbol,leadsPorOrigem,leadsByOrigem,apps/crm/src/lib/painel.ts:93,3,no,,,proposed,codex2,
crm-symbol-8940bde8,crm,3,symbol,valor,value,apps/crm/src/app/configuracoes/acoes.ts:49,1656,no,,,proposed,codex2,
crm-symbol-89bee425,crm,3,symbol,coluna,column,apps/crm/src/lib/leads-visao.ts:221,520,no,,,proposed,codex2,
crm-symbol-8a28524c,crm,3,symbol,opcoes,options,apps/crm/src/app/leads/page.tsx:60,157,no,,,proposed,codex2,
crm-symbol-8af2572d,crm,3,symbol,VisoesSalvas,ViewsSalvas,apps/crm/src/componentes/visoes-salvas.tsx:59,3,no,,,proposed,codex2,
crm-symbol-8b35fe8d,crm,3,symbol,conversas,conversations,apps/crm/src/lib/contatos.ts:71,540,no,,,proposed,codex2,
crm-symbol-8bbb7dbb,crm,3,symbol,filtro,filter,apps/crm/src/lib/funil.ts:176,231,no,,,proposed,codex2,
crm-symbol-8e592d71,crm,3,symbol,PaginaEntrar,PageLogin,apps/crm/src/app/entrar/page.tsx:110,7,no,,,proposed,codex2,
crm-symbol-925372b0,crm,3,symbol,definirPapel,definirRole,apps/crm/src/lib/configuracoes-dados.ts:415,4,no,,,proposed,codex2,
crm-symbol-931a80f9,crm,3,symbol,oportunidades,opportunities,apps/crm/src/lib/contas.ts:174,53,no,,,proposed,codex2,
crm-symbol-93b85440,crm,3,symbol,PaginaPerfil,PageProfile,apps/crm/src/app/configuracoes/perfil/page.tsx:34,1,no,,,proposed,codex2,
crm-symbol-945afbd8,crm,3,symbol,Segredo,Secret,apps/crm/src/componentes/configuracoes/formulario.tsx:185,11,no,,,proposed,codex2,
crm-symbol-958b096b,crm,3,symbol,CartaoView,CardView,apps/crm/src/componentes/quadro-funil.tsx:37,5,no,,,proposed,codex2,
crm-symbol-96e8c880,crm,3,symbol,acaoExcluirPapel,actionExcluirRole,apps/crm/src/app/configuracoes/acoes.ts:158,3,no,,,proposed,codex2,
crm-symbol-976b3b05,crm,3,symbol,CHAVE_TEMA,KEY_TEMA,apps/crm/src/lib/configuracoes-comum.ts:27,12,no,,,proposed,codex2,
crm-symbol-98e5268d,crm,3,symbol,semBusca,withoutSearch,apps/crm/src/app/oportunidades/page.tsx:214,2,no,,,proposed,codex2,
crm-symbol-99fb82c7,crm,3,symbol,documento,document,apps/crm/src/lib/formato.ts:73,217,no,,,proposed,codex2,
crm-symbol-9a78eb0f,crm,3,symbol,papelId,roleId,apps/crm/src/app/configuracoes/acoes.ts:146,121,no,,,proposed,codex2,
crm-symbol-9b01f927,crm,3,symbol,idade,age,apps/crm/semente/semente-crm.ts:568,24,no,,,proposed,codex2,
crm-symbol-9b714b20,crm,3,symbol,comConversa,withConversation,apps/crm/semente/semente-crm.ts:358,3,no,,,proposed,codex2,
crm-symbol-9bd538d8,crm,3,symbol,ativa,active,apps/crm/src/componentes/lista-de-leads.tsx:535,340,no,,,proposed,codex2,
crm-symbol-9e7ff576,crm,3,symbol,LinhaDoTempo,TimeLinha,apps/crm/src/componentes/linha-do-tempo.tsx:98,5,no,,,proposed,codex2,
crm-symbol-a0cb93e4,crm,3,symbol,contagem,count,apps/crm/src/app/leads/[id]/page.tsx:142,134,no,,,proposed,codex2,
crm-symbol-a0fae843,crm,3,symbol,cabecalhoDeSessao,sessionHeader,apps/crm/src/lib/sessao.ts:72,3,no,,,proposed,codex2,
crm-symbol-a16183ec,crm,3,symbol,CHAVE,KEY,apps/crm/src/componentes/visoes-salvas.tsx:24,9,no,,,proposed,codex2,
crm-symbol-a1c30f3d,crm,3,symbol,encerrarSessao,encerrarSession,apps/crm/src/lib/sessao.ts:99,5,no,,,proposed,codex2,
crm-symbol-a2daa809,crm,3,symbol,direcao,direction,apps/crm/src/app/leads/page.tsx:54,175,no,,,proposed,codex2,
crm-symbol-a3c21d64,crm,3,symbol,PaginaContato,PageContact,apps/crm/src/app/contatos/[id]/page.tsx:87,1,no,,,proposed,codex2,
crm-symbol-a4563b49,crm,3,symbol,atuais,current,apps/crm/src/lib/configuracoes-dados.ts:632,48,no,,,proposed,codex2,
crm-symbol-a46f0cc9,crm,3,symbol,usuarioAtual,userCurrent,apps/crm/src/lib/configuracoes-dados.ts:88,6,no,,,proposed,codex2,
crm-symbol-a4aa347a,crm,3,symbol,colunaOrdenavel,columnOrdenavel,apps/crm/src/lib/leads-visao.ts:173,4,no,,,proposed,codex2,
crm-symbol-a4e8dd44,crm,3,symbol,verConvite,verInvitation,apps/crm/src/lib/sessao.ts:141,3,no,,,proposed,codex2,
crm-symbol-a50a9460,crm,3,symbol,grupos,groups,apps/crm/src/app/leads/page.tsx:61,85,no,,,proposed,codex2,
crm-symbol-a5405f17,crm,3,symbol,usuarioId,userId,apps/crm/src/app/configuracoes/acoes.ts:112,604,no,,,proposed,codex2,
crm-symbol-a5a97af6,crm,3,symbol,ConvitePendente,InvitationPendente,apps/crm/src/lib/configuracoes-comum.ts:253,5,no,,,proposed,codex2,
crm-symbol-a65e159b,crm,3,symbol,papelId,roleId,apps/crm/src/app/configuracoes/acoes.ts:159,121,no,,,proposed,codex2,
crm-symbol-a6a9180d,crm,3,symbol,PaginaContas,PageAccounts,apps/crm/src/app/contas/page.tsx:44,1,no,,,proposed,codex2,
crm-symbol-a883f836,crm,3,symbol,porChave,byKey,apps/crm/src/componentes/lista-de-leads.tsx:266,2,no,,,proposed,codex2,
crm-symbol-a91c2474,crm,3,symbol,SECOES,SECTIONS,apps/crm/src/componentes/estrutura-crm.tsx:131,4,no,,,proposed,codex2,
crm-symbol-ab2720aa,crm,3,symbol,PaginaConvite,PageInvitation,apps/crm/src/app/convite/[token]/page.tsx:28,7,no,,,proposed,codex2,
crm-symbol-ab500246,crm,3,symbol,FichaOportunidade,FichaOpportunity,apps/crm/src/lib/funil.ts:214,4,no,,,proposed,codex2,
crm-symbol-acc5067a,crm,3,symbol,grupos,groups,apps/crm/src/componentes/linha-do-tempo.tsx:73,85,no,,,proposed,codex2,
crm-symbol-ad4a7ff4,crm,3,symbol,dinheiroCurto,moneyCurto,apps/crm/src/lib/formato.ts:26,10,no,,,proposed,codex2,
crm-symbol-ade66e67,crm,3,symbol,SecaoAtributos,SectionAtributos,apps/crm/src/componentes/ficha.tsx:169,7,no,,,proposed,codex2,
crm-symbol-ae8c757c,crm,3,symbol,destino,destination,apps/crm/src/app/entrar/page.tsx:116,303,no,,,proposed,codex2,
crm-symbol-af1ed70b,crm,3,symbol,criarPapel,createRole,apps/crm/src/lib/configuracoes-dados.ts:574,3,no,,,proposed,codex2,
crm-symbol-b07cc484,crm,3,symbol,coluna,column,apps/crm/src/lib/leads.ts:137,520,no,,,proposed,codex2,
crm-symbol-b20eaffb,crm,3,symbol,filas,queues,apps/crm/semente/semente-crm.ts:348,297,no,,,proposed,codex2,
crm-symbol-b21b0656,crm,3,symbol,contas,accounts,apps/crm/src/app/contas/page.tsx:51,85,no,,,proposed,codex2,
crm-symbol-b3201267,crm,3,symbol,carregarOportunidade,carregarOpportunity,apps/crm/src/lib/funil.ts:227,3,no,,,proposed,codex2,
crm-symbol-b3590996,crm,3,symbol,linhaDoTempo,timeLinha,apps/crm/src/lib/funil.ts:284,6,no,,,proposed,codex2,
crm-symbol-b3b06141,crm,3,symbol,usuarios,users,apps/crm/semente/semente-crm.ts:341,36,no,,,proposed,codex2,
crm-symbol-b3d52072,crm,3,symbol,acaoCriarPapel,actionCreateRole,apps/crm/src/app/configuracoes/acoes.ts:136,3,no,,,proposed,codex2,
crm-symbol-b43d3c06,crm,3,symbol,contatos,contacts,apps/crm/src/lib/busca.ts:65,438,no,,,proposed,codex2,
crm-symbol-b48bbef9,crm,3,symbol,PaginaApi,PageApi,apps/crm/src/app/configuracoes/api/page.tsx:166,1,no,,,proposed,codex2,
crm-symbol-b543a978,crm,3,symbol,prefixo,prefix,apps/crm/src/lib/configuracoes-dados.ts:891,89,no,,,proposed,codex2,
crm-symbol-b65798bc,crm,3,symbol,leadsPorFase,leadsByFase,apps/crm/src/lib/painel.ts:106,3,no,,,proposed,codex2,
crm-symbol-b6f704da,crm,3,symbol,linhasContatoEtiqueta,linhasContactTag,apps/crm/semente/semente-crm.ts:542,2,no,,,proposed,codex2,
crm-symbol-b72a6df6,crm,3,symbol,filasPorFaixa,queuesByTier,apps/crm/src/lib/leads.ts:89,2,no,,,proposed,codex2,
crm-symbol-b815d33f,crm,3,symbol,situacaoValida,situationValida,apps/crm/src/lib/funil.ts:140,4,no,,,proposed,codex2,
crm-symbol-b8616682,crm,3,symbol,ColunaFunil,ColumnFunil,apps/crm/src/lib/funil.ts:32,3,no,,,proposed,codex2,
crm-symbol-b871a177,crm,3,symbol,PaginaDoPapel,RolePage,apps/crm/src/app/configuracoes/papeis/[id]/page.tsx:54,1,no,,,proposed,codex2,
crm-symbol-b97f5ba4,crm,3,symbol,faixaPorContato,tierByContact,apps/crm/semente/semente-crm.ts:545,1,no,,,proposed,codex2,
crm-symbol-b9b5e536,crm,3,symbol,semearCrm,seedCrm,apps/crm/semente/semente-crm.ts:336,2,no,,,proposed,codex2,
crm-symbol-b9d38642,crm,3,symbol,valor,value,apps/crm/src/lib/funil.ts:80,1656,no,,,proposed,codex2,
crm-symbol-ba5e3ddd,crm,3,symbol,acaoCancelarConvite,actionCancelarInvitation,apps/crm/src/app/configuracoes/acoes.ts:102,3,no,,,proposed,codex2,
crm-symbol-bc86e992,crm,3,symbol,ItemLinhaDoTempo,TimeItemLinha,apps/crm/src/lib/leads.ts:381,11,no,,,proposed,codex2,
crm-symbol-bcb3d4a8,crm,3,symbol,ValorResposta,ValueResposta,apps/crm/semente/semente-crm.ts:933,2,no,,,proposed,codex2,
crm-symbol-bcd05a90,crm,3,symbol,BlocoRespostas,BlockRespostas,apps/crm/src/lib/leads.ts:374,4,no,,,proposed,codex2,
crm-symbol-bd426064,crm,3,symbol,atividades,activities,apps/crm/src/lib/leads.ts:638,4,no,,,proposed,codex2,
crm-symbol-bd52b3df,crm,3,symbol,criarCampoPersonalizado,createFieldPersonalizado,apps/crm/src/lib/configuracoes-dados.ts:731,3,no,,,proposed,codex2,
crm-symbol-bead0f01,crm,3,symbol,situacao,situation,apps/crm/src/app/oportunidades/page.tsx:95,42,no,,,proposed,codex2,
crm-symbol-bf4557cc,crm,3,symbol,colunasOportunidade,columnsOpportunity,apps/crm/src/app/contas/[id]/page.tsx:75,2,no,,,proposed,codex2,
crm-symbol-bf685553,crm,3,symbol,ContatoDaConta,AccountContact,apps/crm/src/lib/contas.ts:98,4,no,,,proposed,codex2,
crm-symbol-bfc4f535,crm,3,symbol,conviteId,invitationId,apps/crm/src/app/configuracoes/acoes.ts:103,15,no,,,proposed,codex2,
crm-symbol-c08b96d2,crm,3,symbol,DestaqueDoContato,ContactDestaque,apps/crm/src/app/contatos/[id]/page.tsx:47,2,no,,,proposed,codex2,
crm-symbol-c14726e7,crm,3,symbol,entrada,inbound,apps/crm/src/app/entrar/acoes.ts:28,473,no,,,proposed,codex2,
crm-symbol-c2450514,crm,3,symbol,Situacao,Situation,apps/crm/src/lib/funil.ts:138,5,no,,,proposed,codex2,
crm-symbol-c2d1b6f3,crm,3,symbol,contagem,count,apps/crm/src/lib/regras.ts:53,134,no,,,proposed,codex2,
crm-symbol-c39598a3,crm,3,symbol,escopos,scopes,apps/crm/src/lib/configuracoes-dados.ts:888,40,no,,,proposed,codex2,
crm-symbol-c4206f68,crm,3,symbol,Agrupamento,Grouping,apps/crm/src/lib/leads-visao.ts:88,21,no,,,proposed,codex2,
crm-symbol-c54b78d0,crm,3,symbol,ChaveDeApi,ApiKey,apps/crm/src/lib/configuracoes-comum.ts:291,5,no,,,proposed,codex2,
crm-symbol-c55a82cd,crm,3,symbol,ordenacao,sorting,apps/crm/src/componentes/lista-de-leads.tsx:407,2,no,,,proposed,codex2,
crm-symbol-c569cbee,crm,3,symbol,SEM_VALOR,WITHOUT_VALUE,apps/crm/src/lib/leads-visao.ts:210,12,no,,,proposed,codex2,
crm-symbol-c59dfa5a,crm,3,symbol,DestaqueDaConta,AccountDestaque,apps/crm/src/app/contas/[id]/page.tsx:111,2,no,,,proposed,codex2,
crm-symbol-c641aaa7,crm,3,symbol,posicao,position,apps/crm/src/componentes/lista-de-leads.tsx:275,84,no,,,proposed,codex2,
crm-symbol-c64df08f,crm,3,symbol,ColunaLead,ColumnLead,apps/crm/src/componentes/lista-de-leads.tsx:78,3,no,,,proposed,codex2,
crm-symbol-c8d5367e,crm,3,symbol,papelId,roleId,apps/crm/src/app/configuracoes/acoes.ts:94,121,no,,,proposed,codex2,
crm-symbol-c926aa8f,crm,3,symbol,AbaContato,AbaContact,apps/crm/src/app/contatos/[id]/page.tsx:41,3,no,,,proposed,codex2,
crm-symbol-ca5af953,crm,3,symbol,grupos,groups,apps/crm/src/componentes/menu-de-comando.tsx:92,85,no,,,proposed,codex2,
crm-symbol-cbe67b2f,crm,3,symbol,idsConta,idsAccount,apps/crm/semente/semente-crm.ts:385,5,no,,,proposed,codex2,
crm-symbol-ced00beb,crm,3,symbol,Filtro,Filter,apps/crm/src/componentes/filtros.tsx:33,34,no,,,proposed,codex2,
crm-symbol-cfba72a2,crm,3,symbol,PaginaConta,PageAccount,apps/crm/src/app/contas/[id]/page.tsx:138,1,no,,,proposed,codex2,
crm-symbol-d01e1b5f,crm,3,symbol,versoes,versions,apps/crm/semente/semente-crm.ts:477,32,no,,,proposed,codex2,
crm-symbol-d17d962b,crm,3,symbol,valor,value,apps/crm/src/lib/regras.ts:130,1656,no,,,proposed,codex2,
crm-symbol-d183adac,crm,3,symbol,ChaveDeFiltro,FilterKey,apps/crm/src/lib/leads-visao.ts:198,11,no,,,proposed,codex2,
crm-symbol-d2a100c7,crm,3,symbol,contas,accounts,apps/crm/src/lib/busca.ts:59,85,no,,,proposed,codex2,
crm-symbol-d3a2eb13,crm,3,symbol,COOKIE_SESSAO,COOKIE_SESSION,apps/crm/src/lib/sessao.ts:48,9,no,,,proposed,codex2,
crm-symbol-d3c5bd3d,crm,3,symbol,lerFiltros,readFilters,apps/crm/src/lib/leads-visao.ts:217,9,no,,,proposed,codex2,"fixed: leftover PT token (dictionary gap: ler/texto/como/resultado/servir), gate 2 dry-run sweep"
crm-symbol-d4fca273,crm,3,symbol,CabecalhoDaSecao,SectionHeader,apps/crm/src/componentes/configuracoes/cabecalho.tsx:128,19,no,,,proposed,codex2,
crm-symbol-d678cd4d,crm,3,symbol,POR_OBJETO,BY_OBJETO,apps/crm/src/lib/busca.ts:26,5,no,,,proposed,codex2,
crm-symbol-d68b2580,crm,3,symbol,AbaOportunidade,AbaOpportunity,apps/crm/src/app/oportunidades/[id]/page.tsx:38,3,no,,,proposed,codex2,
crm-symbol-d7bcd692,crm,3,symbol,inteiro,entire,apps/crm/semente/semente-crm.ts:71,183,no,,,proposed,codex2,
crm-symbol-d9bdafe9,crm,3,symbol,ResultadoEmMassa,ResultInBulk,apps/crm/src/app/leads/acoes.ts:28,3,no,,,proposed,codex2,fixed: resultado was missing from the dictionary (left PT)
crm-symbol-da6362c8,crm,3,symbol,PaginaContatos,PageContacts,apps/crm/src/app/contatos/page.tsx:59,5,no,,,proposed,codex2,
crm-symbol-db96fe5b,crm,3,symbol,desqualificarEmMassa,desqualificarInBulk,apps/crm/src/app/leads/acoes.ts:58,3,no,,,proposed,codex2,
crm-symbol-dcd2ab2e,crm,3,symbol,valor,value,apps/crm/src/app/configuracoes/acoes.ts:58,1656,no,,,proposed,codex2,
crm-symbol-dd314b93,crm,3,symbol,filaDaFaixa,tierQueue,apps/crm/src/lib/leads.ts:552,3,no,,,proposed,codex2,
crm-symbol-dd53b0ab,crm,3,symbol,usoPorChave,usoByKey,apps/crm/src/lib/configuracoes-dados.ts:725,1,no,,,proposed,codex2,
crm-symbol-dd7f35db,crm,3,symbol,colunaDoAgrupamento,groupingColumn,apps/crm/src/lib/leads-visao.ts:102,4,no,,,proposed,codex2,
crm-symbol-de3f0b97,crm,3,symbol,listarContatos,listarContacts,apps/crm/src/lib/contatos.ts:42,4,no,,,proposed,codex2,
crm-symbol-dec02d4e,crm,3,symbol,Busca,Search,apps/crm/src/app/leads/page.tsx:27,38,no,,,proposed,codex2,
crm-symbol-e1043467,crm,3,symbol,COLUNAS_CONTATO,COLUMNS_CONTACT,apps/crm/src/app/contas/[id]/page.tsx:48,2,no,,,proposed,codex2,
crm-symbol-e1976425,crm,3,symbol,UsuarioNaLateral,UserInLateral,apps/crm/src/componentes/estrutura-crm.tsx:59,3,no,,,proposed,codex2,
crm-symbol-e252749e,crm,3,symbol,valores,values,apps/crm/src/componentes/filtros.tsx:57,140,no,,,proposed,codex2,
crm-symbol-e26065e3,crm,3,symbol,ROTULO_ESTADO,ROTULO_STATE,apps/crm/src/app/contatos/[id]/page.tsx:28,3,no,,,proposed,codex2,
crm-symbol-e2dda203,crm,3,symbol,PaginaRegras,PageRules,apps/crm/src/app/configuracoes/regras-de-score/page.tsx:37,4,no,,,proposed,codex2,
crm-symbol-e4750aa7,crm,3,symbol,opcoesDeFiltro,filterOptions,apps/crm/src/lib/leads.ts:177,3,no,,,proposed,codex2,
crm-symbol-e509d36f,crm,3,symbol,PaginaConfiguracoes,PageSettings,apps/crm/src/app/configuracoes/page.tsx:14,1,no,,,proposed,codex2,
crm-symbol-e52c59c9,crm,3,symbol,CATALOGO_DE_ESCOPOS,CATALOGO_OF_SCOPES,apps/crm/src/lib/configuracoes-comum.ts:161,3,no,,,proposed,codex2,
crm-symbol-e7d7b813,crm,3,symbol,membros,members,apps/crm/src/app/configuracoes/membros/page.tsx:137,128,no,,,proposed,codex2,
crm-symbol-e8504155,crm,3,symbol,PaginaFaixas,PageTiers,apps/crm/src/app/configuracoes/faixas/page.tsx:28,1,no,,,proposed,codex2,
crm-symbol-e91d1f55,crm,3,symbol,lerPapel,readRole,apps/crm/src/lib/configuracoes-dados.ts:539,3,no,,,proposed,codex2,"fixed: leftover PT token (dictionary gap: ler/texto/como/resultado/servir), gate 2 dry-run sweep"
crm-symbol-ea333a4d,crm,3,symbol,PaginaMembros,PageMembers,apps/crm/src/app/configuracoes/membros/page.tsx:132,1,no,,,proposed,codex2,
crm-symbol-eab3b11d,crm,3,symbol,GRUPOS,GROUPS,apps/crm/src/componentes/configuracoes/cabecalho.tsx:26,6,no,,,proposed,codex2,
crm-symbol-eb5c50f0,crm,3,symbol,papel,role,apps/crm/src/app/configuracoes/papeis/[id]/page.tsx:58,521,no,,,proposed,codex2,
crm-symbol-ecf585d8,crm,3,symbol,linhasAtividade,linhasActivity,apps/crm/semente/semente-crm.ts:540,2,no,,,proposed,codex2,
crm-symbol-ed69e67a,crm,3,symbol,ResumoDePapel,RoleSummary,apps/crm/src/lib/configuracoes-comum.ts:261,8,no,,,proposed,codex2,
crm-symbol-edb76453,crm,3,symbol,TabelaDeOportunidades,OpportunitiesTabela,apps/crm/src/app/oportunidades/page.tsx:203,2,no,,,proposed,codex2,
crm-symbol-ee923882,crm,3,symbol,ChaveCampo,KeyField,apps/crm/src/lib/campos-editaveis.ts:33,7,no,,,proposed,codex2,
crm-symbol-ef2e05d5,crm,3,symbol,criarChave,createKey,apps/crm/src/lib/configuracoes-dados.ts:880,11,no,,,proposed,codex2,
crm-symbol-efcb2ee2,crm,3,symbol,excluirPapel,excluirRole,apps/crm/src/lib/configuracoes-dados.ts:665,3,no,,,proposed,codex2,
crm-symbol-f2eed175,crm,3,symbol,PaginaPapeis,PageRoles,apps/crm/src/app/configuracoes/papeis/page.tsx:51,1,no,,,proposed,codex2,
crm-symbol-f445a1c8,crm,3,symbol,contas,accounts,apps/crm/src/lib/contas.ts:41,85,no,,,proposed,codex2,
crm-symbol-f630a6d6,crm,3,symbol,segredo,secret,apps/crm/src/lib/configuracoes-dados.ts:892,212,no,,,proposed,codex2,
crm-symbol-f77dc46d,crm,3,symbol,cancelarConvite,cancelarInvitation,apps/crm/src/lib/configuracoes-dados.ts:384,6,no,,,proposed,codex2,
crm-symbol-f85e4783,crm,3,symbol,consulta,query,apps/crm/src/app/leads/page.tsx:63,333,no,,,proposed,codex2,
crm-symbol-f8b50573,crm,3,symbol,Bloco,Block,apps/crm/src/componentes/configuracoes/cabecalho.tsx:104,197,no,,,proposed,codex2,
crm-symbol-f94170da,crm,3,symbol,porPessoa,byPessoa,apps/crm/src/lib/configuracoes-dados.ts:256,3,no,,,proposed,codex2,
crm-symbol-fc16d207,crm,3,symbol,TRILHO,RAIL,apps/crm/src/componentes/linha-do-tempo.tsx:30,2,no,,,proposed,codex2,
crm-symbol-fc742524,crm,3,symbol,porLead,byLead,apps/crm/src/lib/contas.ts:63,1,no,,,proposed,codex2,
crm-symbol-fcddccb0,crm,3,symbol,convite,invitation,apps/crm/src/app/convite/[token]/page.tsx:34,338,no,,,proposed,codex2,
crm-symbol-fde54fca,crm,3,symbol,definirAtivoDoMembro,memberDefinirActive,apps/crm/src/lib/configuracoes-dados.ts:463,3,no,,,proposed,codex2,
crm-symbol-fe243b93,crm,3,symbol,juncao,junction,apps/crm/src/lib/regras.ts:122,2,no,,,proposed,codex2,
crm-symbol-fe4f87cc,crm,3,symbol,FichaContato,FichaContact,apps/crm/src/lib/contatos.ts:111,4,no,,,proposed,codex2,
crm-symbol-fea4ab12,crm,3,symbol,PaginaLeads,PageLeads,apps/crm/src/app/leads/page.tsx:48,1,no,,,proposed,codex2,
crm-symbol-ff40abdc,crm,3,symbol,posicao,position,apps/crm/src/componentes/menu-de-comando.tsx:134,84,no,,,proposed,codex2,
crm-test-title-0ef50146,crm,3,test-title,"ida e volta pela URL preserva o filtro, inclusive o de valor em branco","a round trip through the URL preserves the filter, including one with a blank value",apps/crm/tests/filtros.test.ts:48,0,no,,,proposed,codex2,
crm-test-title-12e2f1e4,crm,3,test-title,o catálogo de escopos não divergiu de apps/api,the scope catalog has not diverged from apps/api,apps/crm/tests/configuracoes-comum.test.ts:146,0,no,,,proposed,codex2,
crm-test-title-1b54e943,crm,3,test-title,"o chip diz a coluna e o valor, e ""em branco"" tem nome de gente","the chip shows the column and value, and a blank value is labeled in plain language",apps/crm/tests/filtros.test.ts:61,0,no,,,proposed,codex2,
crm-test-title-32979667,crm,3,test-title,telefone recusa letra e aceita o formato brasileiro escrito à mão,phone rejects letters and accepts the Brazilian format written by hand,apps/crm/tests/campos-editaveis.test.ts:51,0,no,,,proposed,codex2,
crm-test-title-32fd4593,crm,3,test-title,"tipo de campo vem do catálogo, não da requisição","field type comes from the catalog, not from the request",apps/crm/tests/configuracoes-comum.test.ts:105,0,no,,,proposed,codex2,
crm-test-title-3c830f28,crm,3,test-title,o que não é `f.` da lista é ignorado na leitura,anything in the list that is not `f.` is ignored when reading,apps/crm/tests/filtros.test.ts:32,0,no,,,proposed,codex2,
crm-test-title-6b4d3ae6,crm,3,test-title,fuso é validado contra o banco de fusos do runtime,timezone is validated against the runtime's timezone database,apps/crm/tests/configuracoes-comum.test.ts:124,0,no,,,proposed,codex2,
crm-test-title-6ecbb935,crm,3,test-title,mover para baixo põe a coluna depois da que ocupava o destino,moving down places the column after the one that occupied the destination,apps/crm/tests/colunas.test.ts:60,0,no,,,proposed,codex2,
crm-test-title-8b5bc36b,crm,3,test-title,"tirar um filtro apaga o parâmetro dele, e não o deixa vazio na URL",removing a filter deletes its parameter instead of leaving it empty in the URL,apps/crm/tests/filtros.test.ts:55,0,no,,,proposed,codex2,
crm-test-title-93d6ae06,crm,3,test-title,"sem nada guardado, a ordem é a da tela e a fixa fica de fora das móveis","with nothing saved, the order matches the screen and the pinned column stays out of the movable ones",apps/crm/tests/colunas.test.ts:20,0,no,,,proposed,codex2,
crm-test-title-941dea90,crm,3,test-title,"a coluna nova de um deploy entra no fim, sem empurrar o que já estava","a new column from a deploy is appended at the end, without pushing existing ones",apps/crm/tests/colunas.test.ts:35,0,no,,,proposed,codex2,
crm-test-title-944a25f7,crm,3,test-title,o código do campo recusa o que estragaria a chave do jsonb,the field code rejects anything that would break the jsonb key,apps/crm/tests/configuracoes-comum.test.ts:97,0,no,,,proposed,codex2,
crm-test-title-9bc814e8,crm,3,test-title,mover para cima põe a coluna antes da que ocupava o destino,moving up places the column before the one that occupied the destination,apps/crm/tests/colunas.test.ts:65,0,no,,,proposed,codex2,
crm-test-title-9e606df8,crm,3,test-title,e-mail sem arroba ou sem domínio é recusado,an email without an @ or without a domain is rejected,apps/crm/tests/campos-editaveis.test.ts:44,0,no,,,proposed,codex2,
crm-test-title-a8b29b77,crm,3,test-title,"mover devolve a ordem COMPLETA, com as ocultas ancoradas na vizinha","moving returns the FULL order, with hidden columns anchored to their neighbor",apps/crm/tests/colunas.test.ts:70,0,no,,,proposed,codex2,
crm-test-title-acdc2967,crm,3,test-title,a oculta guarda o lugar: mostrar de volta não a joga no fim,a hidden column keeps its place: showing it again does not push it to the end,apps/crm/tests/colunas.test.ts:51,0,no,,,proposed,codex2,
crm-test-title-b9b33f58,crm,3,test-title,"coluna que sumiu da tela some do arranjo, e não deixa buraco",a column removed from the screen disappears from the arrangement without leaving a gap,apps/crm/tests/colunas.test.ts:42,0,no,,,proposed,codex2,
crm-test-title-bfb6182a,crm,3,test-title,"o código do campo sai do rótulo sem acento, sem espaço e começando por letra","the field code is derived from the label without accents or spaces, and starting with a letter",apps/crm/tests/configuracoes-comum.test.ts:82,0,no,,,proposed,codex2,
crm-test-title-c061f5dc,crm,3,test-title,"a coluna fixa nunca é ocultada, nem que alguém edite o armazenamento","the pinned column is never hidden, even if someone edits storage directly",apps/crm/tests/colunas.test.ts:27,0,no,,,proposed,codex2,
crm-test-title-cf536a1e,crm,3,test-title,"escopo e evento desconhecidos são descartados, não recusados em bloco","unknown scope and event are discarded individually, not rejected as a whole batch",apps/crm/tests/configuracoes-comum.test.ts:111,0,no,,,proposed,codex2,
crm-test-title-d3a67685,crm,3,test-title,uuid: o que vira `where` passa por aqui antes,uuid: whatever becomes a `where` clause passes through here first,apps/crm/tests/configuracoes-comum.test.ts:119,0,no,,,proposed,codex2,
crm-test-title-d4516ff6,crm,3,test-title,e-mail é chave: minúsculo e sem espaço,email is the key: lowercase and without spaces,apps/crm/tests/configuracoes-comum.test.ts:49,0,no,,,proposed,codex2,
crm-test-title-e5a8d92e,crm,3,test-title,"parâmetro repetido: o primeiro vale, e o resto não vira segundo filtro","repeated parameter: the first one counts, the rest do not become a second filter",apps/crm/tests/filtros.test.ts:44,0,no,,,proposed,codex2,
crm-test-title-ec172a9e,crm,3,test-title,nulo passa em qualquer campo: apagar é operação legítima,null passes for any field: clearing it is a legitimate operation,apps/crm/tests/campos-editaveis.test.ts:38,0,no,,,proposed,codex2,
crm-ts-local-0273054b,crm,3,ts-local,colunaEmArraste,columnInArraste,apps/crm/src/componentes/redimensionar.ts:77,2,no,,,proposed,codex2,
crm-ts-local-036c8f4b,crm,3,ts-local,filtros,filters,apps/crm/src/lib/leads.ts:223,91,no,,,proposed,codex2,
crm-ts-local-062dca64,crm,3,ts-local,valor,value,apps/crm/src/lib/configuracoes-comum.ts:78,1656,no,,,proposed,codex2,
crm-ts-local-063c9431,crm,3,ts-local,valor,value,apps/crm/src/componentes/lista-de-leads.tsx:394,1656,no,,,proposed,codex2,
crm-ts-local-06d1fbc9,crm,3,ts-local,valor,value,apps/crm/src/lib/campos-editaveis.ts:56,1656,no,,,proposed,codex2,
crm-ts-local-07f77622,crm,3,ts-local,destino,destination,apps/crm/src/componentes/colunas.tsx:211,303,no,,,proposed,codex2,
crm-ts-local-09db33e7,crm,3,ts-local,valor,value,apps/crm/src/lib/funil.ts:140,1656,no,,,proposed,codex2,
crm-ts-local-0b55fcd9,crm,3,ts-local,ordem,order,apps/crm/src/lib/leads.ts:221,517,no,,,proposed,codex2,
crm-ts-local-0c6d557e,crm,3,ts-local,coluna,column,apps/crm/src/componentes/colunas.tsx:170,520,no,,,proposed,codex2,
crm-ts-local-0c8dc8cb,crm,3,ts-local,valor,value,apps/crm/src/lib/formato.ts:3,1656,no,,,proposed,codex2,
crm-ts-local-10463ca6,crm,3,ts-local,valor,value,apps/crm/src/componentes/configuracoes/formulario.tsx:80,1656,no,,,proposed,codex2,
crm-ts-local-10ceb404,crm,3,ts-local,principais,main,apps/crm/src/componentes/ficha.tsx:77,19,no,,,proposed,codex2,
crm-ts-local-11def3d0,crm,3,ts-local,chaveDeArmazenamento,storageKey,apps/crm/src/componentes/colunas.tsx:116,12,no,,,proposed,codex2,
crm-ts-local-144a5618,crm,3,ts-local,por,by,apps/crm/src/componentes/lista-de-leads.tsx:226,2747,no,,,proposed,codex2,
crm-ts-local-162fe7fa,crm,3,ts-local,valor,value,apps/crm/src/app/contatos/[id]/page.tsx:43,1656,no,,,proposed,codex2,
crm-ts-local-1943950f,crm,3,ts-local,por,by,apps/crm/src/lib/leads-visao.ts:102,2747,no,,,proposed,codex2,
crm-ts-local-19d8cfe3,crm,3,ts-local,valor,value,apps/crm/src/lib/configuracoes-comum.ts:62,1656,no,,,proposed,codex2,
crm-ts-local-1a6f6373,crm,3,ts-local,valor,value,apps/crm/src/lib/configuracoes-comum.ts:143,1656,no,,,proposed,codex2,
crm-ts-local-1c42fa48,crm,3,ts-local,valor,value,apps/crm/src/lib/funil.ts:16,1656,no,,,proposed,codex2,
crm-ts-local-1d1a6e98,crm,3,ts-local,valor,value,apps/crm/src/lib/formato.ts:73,1656,no,,,proposed,codex2,
crm-ts-local-1dd6aed5,crm,3,ts-local,chave,key,apps/crm/src/lib/leads-visao.ts:173,1153,no,,,proposed,codex2,
crm-ts-local-1df6704c,crm,3,ts-local,dados,data,apps/crm/src/app/configuracoes/acoes.ts:46,669,no,,,proposed,codex2,
crm-ts-local-1e02ba52,crm,3,ts-local,dados,data,apps/crm/src/app/configuracoes/acoes.ts:57,669,no,,,proposed,codex2,
crm-ts-local-1eb9af82,crm,3,ts-local,valor,value,apps/crm/src/lib/leads-visao.ts:169,1656,no,,,proposed,codex2,
crm-ts-local-231910cf,crm,3,ts-local,coluna,column,apps/crm/src/componentes/colunas.tsx:302,520,no,,,proposed,codex2,
crm-ts-local-23d6c96a,crm,3,ts-local,dados,data,apps/crm/src/lib/configuracoes-dados.ts:786,669,no,,,proposed,codex2,
crm-ts-local-26898397,crm,3,ts-local,dados,data,apps/crm/src/lib/configuracoes-dados.ts:733,669,no,,,proposed,codex2,
crm-ts-local-2782a149,crm,3,ts-local,papelId,roleId,apps/crm/src/lib/configuracoes-dados.ts:665,121,no,,,proposed,codex2,
crm-ts-local-2ac3cf02,crm,3,ts-local,setVisoes,setViews,apps/crm/src/componentes/visoes-salvas.tsx:61,4,no,,,proposed,codex2,
crm-ts-local-2b9325ec,crm,3,ts-local,chave,key,apps/crm/src/app/leads/page.tsx:113,1153,no,,,proposed,codex2,
crm-ts-local-2e62603f,crm,3,ts-local,visoes,views,apps/crm/src/componentes/visoes-salvas.tsx:61,6,no,,,proposed,codex2,
crm-ts-local-3529a435,crm,3,ts-local,valor,value,apps/crm/src/app/leads/[id]/page.tsx:57,1656,no,,,proposed,codex2,
crm-ts-local-3551507c,crm,3,ts-local,descricao,description,apps/crm/src/componentes/configuracoes/cabecalho.tsx:106,299,no,,,proposed,codex2,
crm-ts-local-38090c98,crm,3,ts-local,coluna,column,apps/crm/src/componentes/colunas.tsx:169,520,no,,,proposed,codex2,
crm-ts-local-38377ada,crm,3,ts-local,direcao,direction,apps/crm/src/componentes/lista-de-leads.tsx:228,175,no,,,proposed,codex2,
crm-ts-local-390a4bce,crm,3,ts-local,chave,key,apps/crm/src/componentes/lista-de-leads.tsx:394,1153,no,,,proposed,codex2,
crm-ts-local-3941e05d,crm,3,ts-local,dados,data,apps/crm/src/app/configuracoes/acoes.ts:93,669,no,,,proposed,codex2,
crm-ts-local-3a6197ce,crm,3,ts-local,valor,value,apps/crm/src/lib/leads.ts:248,1656,no,,,proposed,codex2,
crm-ts-local-3ba2fc04,crm,3,ts-local,usuarioIdAlvo,userIdAlvo,apps/crm/src/lib/configuracoes-dados.ts:465,21,no,,,proposed,codex2,
crm-ts-local-3c16a3ad,crm,3,ts-local,grupos,groups,apps/crm/src/componentes/lista-de-leads.tsx:221,85,no,,,proposed,codex2,
crm-ts-local-3d88836b,crm,3,ts-local,oportunidadeId,opportunityId,apps/crm/src/lib/funil.ts:305,2,no,,,proposed,codex2,
crm-ts-local-3f677224,crm,3,ts-local,chave,key,apps/crm/src/componentes/redimensionar.ts:148,1153,no,,,proposed,codex2,
crm-ts-local-4070643d,crm,3,ts-local,coluna,column,apps/crm/src/app/oportunidades/page.tsx:156,520,no,,,proposed,codex2,
crm-ts-local-432bdd9e,crm,3,ts-local,valor,value,apps/crm/src/lib/formato.ts:16,1656,no,,,proposed,codex2,
crm-ts-local-44096ebd,crm,3,ts-local,dados,data,apps/crm/src/lib/configuracoes-dados.ts:576,669,no,,,proposed,codex2,
crm-ts-local-460e80f1,crm,3,ts-local,usuario,user,apps/crm/src/componentes/estrutura-crm.tsx:151,347,no,,,proposed,codex2,
crm-ts-local-461381fe,crm,3,ts-local,busca,search,apps/crm/src/componentes/lista-de-leads.tsx:225,420,no,,,proposed,codex2,
crm-ts-local-46d4940a,crm,3,ts-local,dados,data,apps/crm/src/lib/configuracoes-dados.ts:130,669,no,,,proposed,codex2,
crm-ts-local-474a034d,crm,3,ts-local,dados,data,apps/crm/src/app/configuracoes/acoes.ts:221,669,no,,,proposed,codex2,
crm-ts-local-477b6a43,crm,3,ts-local,usuario,user,apps/crm/src/componentes/estrutura-crm.tsx:72,347,no,,,proposed,codex2,
crm-ts-local-48ad192b,crm,3,ts-local,coluna,column,apps/crm/src/componentes/redimensionar.ts:143,520,no,,,proposed,codex2,
crm-ts-local-4aebf669,crm,3,ts-local,valor,value,apps/crm/src/lib/leads-visao.ts:219,1656,no,,,proposed,codex2,
crm-ts-local-4afe79be,crm,3,ts-local,papelId,roleId,apps/crm/src/lib/configuracoes-dados.ts:418,121,no,,,proposed,codex2,
crm-ts-local-4c6b49fa,crm,3,ts-local,aoRestaurar,toRestore,apps/crm/src/componentes/colunas.tsx:188,6,no,,,proposed,codex2,
crm-ts-local-4d80c673,crm,3,ts-local,valor,value,apps/crm/src/componentes/celula-inline.tsx:58,1656,no,,,proposed,codex2,
crm-ts-local-4dd0f941,crm,3,ts-local,valor,value,apps/crm/src/lib/leads-visao.ts:90,1656,no,,,proposed,codex2,
crm-ts-local-50dad052,crm,3,ts-local,dados,data,apps/crm/src/componentes/configuracoes/formulario.tsx:35,669,no,,,proposed,codex2,
crm-ts-local-51b1d328,crm,3,ts-local,dados,data,apps/crm/src/app/configuracoes/acoes.ts:121,669,no,,,proposed,codex2,
crm-ts-local-52899d55,crm,3,ts-local,valor,value,apps/crm/src/lib/configuracoes-comum.ts:118,1656,no,,,proposed,codex2,
crm-ts-local-53e154ea,crm,3,ts-local,valor,value,apps/crm/src/componentes/redimensionar.ts:47,1656,no,,,proposed,codex2,
crm-ts-local-57f4c3de,crm,3,ts-local,dados,data,apps/crm/src/lib/configuracoes-dados.ts:882,669,no,,,proposed,codex2,
crm-ts-local-5abb11e4,crm,3,ts-local,destino,destination,apps/crm/src/lib/sessao.ts:155,303,no,,,proposed,codex2,
crm-ts-local-5c7ab49a,crm,3,ts-local,coluna,column,apps/crm/src/componentes/colunas.tsx:247,520,no,,,proposed,codex2,
crm-ts-local-5cc9473a,crm,3,ts-local,chave,key,apps/crm/src/lib/leads-visao.ts:241,1153,no,,,proposed,codex2,
crm-ts-local-605c6870,crm,3,ts-local,dados,data,apps/crm/src/lib/configuracoes-dados.ts:200,669,no,,,proposed,codex2,
crm-ts-local-60935366,crm,3,ts-local,valor,value,apps/crm/src/lib/configuracoes-comum.ts:29,1656,no,,,proposed,codex2,
crm-ts-local-647e2efe,crm,3,ts-local,situacao,situation,apps/crm/src/app/oportunidades/page.tsx:204,42,no,,,proposed,codex2,
crm-ts-local-64f0bd2c,crm,3,ts-local,chave,key,apps/crm/src/app/leads/page.tsx:34,1153,no,,,proposed,codex2,
crm-ts-local-656ad890,crm,3,ts-local,chave,key,apps/crm/src/componentes/lista-de-leads.tsx:268,1153,no,,,proposed,codex2,
crm-ts-local-68aaa667,crm,3,ts-local,vazio,empty,apps/crm/src/componentes/ficha.tsx:172,290,no,,,proposed,codex2,
crm-ts-local-6927e572,crm,3,ts-local,chave,key,apps/crm/src/lib/leads.ts:248,1153,no,,,proposed,codex2,
crm-ts-local-69731c71,crm,3,ts-local,fracao,fraction,apps/crm/src/lib/formato.ts:11,39,no,,,proposed,codex2,
crm-ts-local-69d5e4a3,crm,3,ts-local,busca,search,apps/crm/src/lib/contas.ts:32,420,no,,,proposed,codex2,
crm-ts-local-6baa118a,crm,3,ts-local,secao,section,apps/crm/src/app/configuracoes/page.tsx:30,13,no,,,proposed,codex2,
crm-ts-local-6d03e4ee,crm,3,ts-local,valor,value,apps/crm/src/lib/campos-editaveis.ts:37,1656,no,,,proposed,codex2,
crm-ts-local-6e6a4020,crm,3,ts-local,opcao,option,apps/crm/src/componentes/configuracoes/seletor-de-tema.tsx:63,22,no,,,proposed,codex2,
crm-ts-local-6f76bb86,crm,3,ts-local,chave,key,apps/crm/src/lib/leads-visao.ts:232,1153,no,,,proposed,codex2,
crm-ts-local-6f93bdea,crm,3,ts-local,consultaAtual,queryCurrent,apps/crm/src/componentes/visoes-salvas.tsx:59,5,no,,,proposed,codex2,
crm-ts-local-72d9ce73,crm,3,ts-local,valor,value,apps/crm/src/lib/campos-editaveis.ts:42,1656,no,,,proposed,codex2,
crm-ts-local-7491b0bc,crm,3,ts-local,coluna,column,apps/crm/src/lib/leads.ts:179,520,no,,,proposed,codex2,
crm-ts-local-75da86bd,crm,3,ts-local,opcoes,options,apps/crm/src/lib/sessao.ts:160,157,no,,,proposed,codex2,
crm-ts-local-7676a018,crm,3,ts-local,valor,value,apps/crm/src/lib/banco.ts:131,1656,no,,,proposed,codex2,
crm-ts-local-786834d4,crm,3,ts-local,valor,value,apps/crm/src/lib/formato.ts:82,1656,no,,,proposed,codex2,
crm-ts-local-79ec9dcc,crm,3,ts-local,coluna,column,apps/crm/src/componentes/redimensionar.ts:107,520,no,,,proposed,codex2,
crm-ts-local-7d880486,crm,3,ts-local,dados,data,apps/crm/src/app/configuracoes/acoes.ts:212,669,no,,,proposed,codex2,
crm-ts-local-7f42bf15,crm,3,ts-local,valor,value,apps/crm/src/lib/banco.ts:139,1656,no,,,proposed,codex2,
crm-ts-local-80a83a44,crm,3,ts-local,busca,search,apps/crm/src/lib/funil.ts:172,420,no,,,proposed,codex2,
crm-ts-local-8103c2e1,crm,3,ts-local,usuarioIdAlvo,userIdAlvo,apps/crm/src/lib/configuracoes-dados.ts:417,21,no,,,proposed,codex2,
crm-ts-local-81c80285,crm,3,ts-local,coluna,column,apps/crm/src/componentes/colunas.tsx:147,520,no,,,proposed,codex2,
crm-ts-local-82990231,crm,3,ts-local,chave,key,apps/crm/src/lib/leads.ts:157,1153,no,,,proposed,codex2,
crm-ts-local-836a2ea4,crm,3,ts-local,valor,value,apps/crm/src/lib/leads.ts:792,1656,no,,,proposed,codex2,
crm-ts-local-838cb1ef,crm,3,ts-local,valor,value,apps/crm/src/lib/formato.ts:26,1656,no,,,proposed,codex2,
crm-ts-local-8442b58e,crm,3,ts-local,chave,key,apps/crm/src/lib/leads-visao.ts:212,1153,no,,,proposed,codex2,
crm-ts-local-8876304e,crm,3,ts-local,busca,search,apps/crm/src/lib/contatos.ts:42,420,no,,,proposed,codex2,
crm-ts-local-898498a8,crm,3,ts-local,valor,value,apps/crm/src/componentes/configuracoes/formulario.tsx:185,1656,no,,,proposed,codex2,
crm-ts-local-8c0ec172,crm,3,ts-local,contaId,accountId,apps/crm/semente/semente-crm.ts:855,27,no,,,proposed,codex2,
crm-ts-local-8c44704e,crm,3,ts-local,filtros,filters,apps/crm/src/componentes/lista-de-leads.tsx:229,91,no,,,proposed,codex2,
crm-ts-local-8c541954,crm,3,ts-local,dados,data,apps/crm/src/app/configuracoes/acoes.ts:111,669,no,,,proposed,codex2,
crm-ts-local-8c82fc96,crm,3,ts-local,situacao,situation,apps/crm/src/lib/funil.ts:162,42,no,,,proposed,codex2,
crm-ts-local-8cf6d77f,crm,3,ts-local,valor,value,apps/crm/src/app/oportunidades/[id]/page.tsx:40,1656,no,,,proposed,codex2,
crm-ts-local-8dc9ce8e,crm,3,ts-local,chave,key,apps/crm/src/componentes/colunas.tsx:91,1153,no,,,proposed,codex2,
crm-ts-local-8ec75ffe,crm,3,ts-local,dados,data,apps/crm/src/app/configuracoes/acoes.ts:230,669,no,,,proposed,codex2,
crm-ts-local-91f34a20,crm,3,ts-local,valor,value,apps/crm/src/lib/configuracoes-comum.ts:210,1656,no,,,proposed,codex2,
crm-ts-local-92457d53,crm,3,ts-local,valor,value,apps/crm/src/lib/leads-visao.ts:241,1656,no,,,proposed,codex2,
crm-ts-local-93bfebe8,crm,3,ts-local,comFiltros,withFilters,apps/crm/src/app/leads/page.tsx:63,5,no,,,proposed,codex2,
crm-ts-local-93cf7bd6,crm,3,ts-local,valor,value,apps/crm/src/componentes/redimensionar.ts:101,1656,no,,,proposed,codex2,
crm-ts-local-9626c1ae,crm,3,ts-local,dados,data,apps/crm/src/app/configuracoes/acoes.ts:239,669,no,,,proposed,codex2,
crm-ts-local-99428609,crm,3,ts-local,semente,seed,apps/crm/semente/semente-crm.ts:58,58,no,,,proposed,codex2,
crm-ts-local-9a84a49f,crm,3,ts-local,valor,value,apps/crm/src/lib/configuracoes-comum.ts:48,1656,no,,,proposed,codex2,
crm-ts-local-9d409c3d,crm,3,ts-local,busca,search,apps/crm/src/lib/leads.ts:220,420,no,,,proposed,codex2,
crm-ts-local-9eae3306,crm,3,ts-local,erro,error,apps/crm/semente/semente-crm.ts:991,1478,no,,,proposed,codex2,
crm-ts-local-9fc3c603,crm,3,ts-local,opcoes,options,apps/crm/src/componentes/filtros.tsx:35,157,no,,,proposed,codex2,
crm-ts-local-a199034d,crm,3,ts-local,vazio,empty,apps/crm/src/componentes/celula-inline.tsx:58,290,no,,,proposed,codex2,
crm-ts-local-a56366a9,crm,3,ts-local,dados,data,apps/crm/src/lib/configuracoes-dados.ts:986,669,no,,,proposed,codex2,
crm-ts-local-a76fa163,crm,3,ts-local,valor,value,apps/crm/src/lib/leads-visao.ts:165,1656,no,,,proposed,codex2,
crm-ts-local-a78388a4,crm,3,ts-local,dados,data,apps/crm/src/app/configuracoes/acoes.ts:173,669,no,,,proposed,codex2,
crm-ts-local-a78ed5a2,crm,3,ts-local,comFiltros,withFilters,apps/crm/src/componentes/lista-de-leads.tsx:383,5,no,,,proposed,codex2,
crm-ts-local-a9a002cf,crm,3,ts-local,dados,data,apps/crm/src/componentes/configuracoes/formulario.tsx:72,669,no,,,proposed,codex2,
crm-ts-local-a9fc3e31,crm,3,ts-local,dados,data,apps/crm/src/app/configuracoes/acoes.ts:252,669,no,,,proposed,codex2,
crm-ts-local-b2f7c2ea,crm,3,ts-local,requisicao,request,apps/crm/src/middleware.ts:17,450,no,,,proposed,codex2,
crm-ts-local-b3c86f95,crm,3,ts-local,valor,value,apps/crm/src/app/leads/page.tsx:113,1656,no,,,proposed,codex2,
crm-ts-local-b5ad54db,crm,3,ts-local,ordem,order,apps/crm/src/componentes/colunas.tsx:97,517,no,,,proposed,codex2,
crm-ts-local-bc5fc4a0,crm,3,ts-local,valor,value,apps/crm/src/app/contas/[id]/page.tsx:44,1656,no,,,proposed,codex2,
crm-ts-local-bd49c6af,crm,3,ts-local,setErro,setError,apps/crm/src/componentes/celula-inline.tsx:63,140,no,,,proposed,codex2,
crm-ts-local-bf76add9,crm,3,ts-local,contagem,count,apps/crm/src/lib/configuracoes-dados.ts:180,134,no,,,proposed,codex2,
crm-ts-local-c1054bd6,crm,3,ts-local,chave,key,apps/crm/semente/semente-crm.ts:498,1153,no,,,proposed,codex2,
crm-ts-local-c1b1a7d1,crm,3,ts-local,dados,data,apps/crm/src/app/configuracoes/acoes.ts:189,669,no,,,proposed,codex2,
crm-ts-local-c3283aa9,crm,3,ts-local,situacao,situation,apps/crm/src/lib/funil.ts:171,42,no,,,proposed,codex2,
crm-ts-local-c6be5b21,crm,3,ts-local,valor,value,apps/crm/src/app/oportunidades/page.tsx:36,1656,no,,,proposed,codex2,
crm-ts-local-c715cd7d,crm,3,ts-local,chave,key,apps/crm/src/componentes/lista-de-leads.tsx:407,1153,no,,,proposed,codex2,
crm-ts-local-c74e4fa3,crm,3,ts-local,direcao,direction,apps/crm/src/lib/leads.ts:222,175,no,,,proposed,codex2,
crm-ts-local-c7ba2192,crm,3,ts-local,contagem,count,apps/crm/src/lib/leads.ts:277,134,no,,,proposed,codex2,
crm-ts-local-c7c2dde6,crm,3,ts-local,cartoes,cards,apps/crm/src/componentes/quadro-funil.tsx:53,39,no,,,proposed,codex2,
crm-ts-local-c8579078,crm,3,ts-local,valor,value,apps/crm/src/lib/leads.ts:157,1656,no,,,proposed,codex2,
crm-ts-local-cb13b35b,crm,3,ts-local,filtros,filters,apps/crm/src/lib/leads-visao.ts:231,91,no,,,proposed,codex2,
crm-ts-local-cba9936c,crm,3,ts-local,coluna,column,apps/crm/src/componentes/redimensionar.ts:132,520,no,,,proposed,codex2,
crm-ts-local-ccd37959,crm,3,ts-local,ordem,order,apps/crm/src/lib/leads.ts:133,517,no,,,proposed,codex2,
crm-ts-local-cd9ddabc,crm,3,ts-local,valor,value,apps/crm/src/lib/configuracoes-comum.ts:37,1656,no,,,proposed,codex2,
crm-ts-local-cdd7a0a6,crm,3,ts-local,valor,value,apps/crm/src/lib/leads-visao.ts:46,1656,no,,,proposed,codex2,
crm-ts-local-d0027d01,crm,3,ts-local,dados,data,apps/crm/src/app/configuracoes/acoes.ts:201,669,no,,,proposed,codex2,
crm-ts-local-d00a5e52,crm,3,ts-local,chave,key,apps/crm/src/lib/leads-visao.ts:219,1153,no,,,proposed,codex2,
crm-ts-local-d130790b,crm,3,ts-local,filtros,filters,apps/crm/src/componentes/filtros.tsx:34,91,no,,,proposed,codex2,
crm-ts-local-d45d2933,crm,3,ts-local,chave,key,apps/crm/src/componentes/redimensionar.ts:31,1153,no,,,proposed,codex2,
crm-ts-local-d6695091,crm,3,ts-local,direcao,direction,apps/crm/src/lib/leads.ts:133,175,no,,,proposed,codex2,
crm-ts-local-d7d3fa18,crm,3,ts-local,ordem,order,apps/crm/src/componentes/lista-de-leads.tsx:227,517,no,,,proposed,codex2,
crm-ts-local-d81954f1,crm,3,ts-local,padroes,defaults,apps/crm/src/componentes/redimensionar.ts:64,7,no,,,proposed,codex2,
crm-ts-local-d9b0b3e6,crm,3,ts-local,busca,search,apps/crm/src/app/oportunidades/page.tsx:205,420,no,,,proposed,codex2,
crm-ts-local-daa7e107,crm,3,ts-local,dados,data,apps/crm/src/app/configuracoes/acoes.ts:81,669,no,,,proposed,codex2,
crm-ts-local-ddd2a6a7,crm,3,ts-local,estado,state,apps/crm/src/componentes/quadro-funil.tsx:60,1269,no,,,proposed,codex2,
crm-ts-local-ddff9ab3,crm,3,ts-local,dados,data,apps/crm/src/app/configuracoes/acoes.ts:158,669,no,,,proposed,codex2,
crm-ts-local-e2588bba,crm,3,ts-local,coluna,column,apps/crm/src/componentes/colunas.tsx:145,520,no,,,proposed,codex2,
crm-ts-local-e2c04a27,crm,3,ts-local,escopo,scope,apps/crm/src/app/configuracoes/api/page.tsx:201,227,no,,,proposed,codex2,
crm-ts-local-e30fc15f,crm,3,ts-local,chave,key,apps/crm/src/lib/leads-visao.ts:253,1153,no,,,proposed,codex2,
crm-ts-local-e3e0b01b,crm,3,ts-local,por,by,apps/crm/src/lib/leads-visao.ts:112,2747,no,,,proposed,codex2,
crm-ts-local-e45c2685,crm,3,ts-local,contatoId,contactId,apps/crm/src/lib/leads.ts:636,226,no,,,proposed,codex2,
crm-ts-local-e871b058,crm,3,ts-local,destino,destination,apps/crm/src/lib/sessao.ts:169,303,no,,,proposed,codex2,
crm-ts-local-ea0c9bc3,crm,3,ts-local,opcoes,options,apps/crm/src/componentes/celula-inline.tsx:58,157,no,,,proposed,codex2,
crm-ts-local-eb9b3822,crm,3,ts-local,dados,data,apps/crm/src/lib/configuracoes-dados.ts:335,669,no,,,proposed,codex2,
crm-ts-local-ec65f51f,crm,3,ts-local,dados,data,apps/crm/src/app/configuracoes/acoes.ts:102,669,no,,,proposed,codex2,
crm-ts-local-ecbc5f06,crm,3,ts-local,coluna,column,apps/crm/src/componentes/redimensionar.ts:101,520,no,,,proposed,codex2,
crm-ts-local-ecf909ae,crm,3,ts-local,chaveDeArmazenamento,storageKey,apps/crm/src/componentes/redimensionar.ts:64,12,no,,,proposed,codex2,
crm-ts-local-ef4daced,crm,3,ts-local,visoes,views,apps/crm/src/componentes/visoes-salvas.tsx:51,6,no,,,proposed,codex2,
crm-ts-local-efd90ba7,crm,3,ts-local,dados,data,apps/crm/src/app/configuracoes/acoes.ts:70,669,no,,,proposed,codex2,
crm-ts-local-f3668175,crm,3,ts-local,dados,data,apps/crm/src/app/configuracoes/acoes.ts:48,669,no,,,proposed,codex2,
crm-ts-local-f3865604,crm,3,ts-local,erro,error,apps/crm/src/componentes/celula-inline.tsx:63,1478,no,,,proposed,codex2,
crm-ts-local-f3de4b4b,crm,3,ts-local,dados,data,apps/crm/src/app/configuracoes/acoes.ts:145,669,no,,,proposed,codex2,
crm-ts-local-f7b1e9e9,crm,3,ts-local,acoes,actions,apps/crm/src/componentes/configuracoes/cabecalho.tsx:107,155,no,,,proposed,codex2,
crm-ts-local-f82848d2,crm,3,ts-local,dados,data,apps/crm/src/app/entrar/acoes.ts:25,669,no,,,proposed,codex2,
crm-ts-local-f82c162d,crm,3,ts-local,dados,data,apps/crm/src/app/configuracoes/acoes.ts:53,669,no,,,proposed,codex2,
crm-ts-local-f9ee8f71,crm,3,ts-local,papelId,roleId,apps/crm/src/lib/configuracoes-dados.ts:615,121,no,,,proposed,codex2,
crm-ts-local-fa813f50,crm,3,ts-local,setColunaEmArraste,setColumnInArraste,apps/crm/src/componentes/redimensionar.ts:77,3,no,,,proposed,codex2,
crm-ts-local-fd20f6a5,crm,3,ts-local,dados,data,apps/crm/src/app/configuracoes/acoes.ts:136,669,no,,,proposed,codex2,
crm-ts-local-fe7ef20c,crm,3,ts-local,coluna,column,apps/crm/src/componentes/redimensionar.ts:84,520,no,,,proposed,codex2,
crm-ts-local-ffb2694a,crm,3,ts-local,secao,section,apps/crm/src/componentes/estrutura-crm.tsx:171,13,no,,,proposed,codex2,
crm-ts-prop-056d5a86,crm,3,ts-prop,valor,value,apps/crm/src/componentes/celula-inline.tsx:42,1656,no,,,proposed,codex2,
crm-ts-prop-0679b05d,crm,3,ts-prop,contaNome,accountName,apps/crm/src/lib/contatos.ts:35,14,no,,,proposed,codex2,
crm-ts-prop-070180ba,crm,3,ts-prop,atendente,agent,apps/crm/src/lib/contatos.ts:103,768,no,,,proposed,codex2,
crm-ts-prop-074f154d,crm,3,ts-prop,valorTexto,valueText,apps/crm/src/lib/leads.ts:418,10,no,,,proposed,codex2,"fixed: leftover PT token (dictionary gap: ler/texto/como/resultado/servir), gate 2 dry-run sweep"
crm-ts-prop-087c6c99,crm,3,ts-prop,valor,value,apps/crm/src/lib/contas.ts:111,1656,no,,,proposed,codex2,
crm-ts-prop-1237cb89,crm,3,ts-prop,prefixo,prefix,apps/crm/src/lib/configuracoes-comum.ts:294,89,no,,,proposed,codex2,
crm-ts-prop-150a12ed,crm,3,ts-prop,chave,key,apps/crm/src/lib/configuracoes-dados.ts:719,1153,no,,,proposed,codex2,
crm-ts-prop-1641cd11,crm,3,ts-prop,descricao,description,apps/crm/src/lib/configuracoes-dados.ts:733,299,no,,,proposed,codex2,
crm-ts-prop-1646ff7b,crm,3,ts-prop,filtros,filters,apps/crm/src/componentes/filtros.tsx:38,91,no,,,proposed,codex2,
crm-ts-prop-1e125d55,crm,3,ts-prop,erro,error,apps/crm/src/app/entrar/page.tsx:104,1478,no,,,proposed,codex2,
crm-ts-prop-20c01ca5,crm,3,ts-prop,valor,value,apps/crm/src/componentes/ficha.tsx:59,1656,no,,,proposed,codex2,
crm-ts-prop-226cd4ac,crm,3,ts-prop,conversas,conversations,apps/crm/src/lib/contatos.ts:38,540,no,,,proposed,codex2,
crm-ts-prop-230ad73a,crm,3,ts-prop,descricao,description,apps/crm/src/componentes/configuracoes/cabecalho.tsx:111,299,no,,,proposed,codex2,
crm-ts-prop-24343910,crm,3,ts-prop,ligacao,connection,apps/crm/src/lib/leads-visao.ts:18,23,no,,,proposed,codex2,
crm-ts-prop-29020a9f,crm,3,ts-prop,opcoes,options,apps/crm/src/componentes/filtros.tsx:39,157,no,,,proposed,codex2,
crm-ts-prop-29de0d3a,crm,3,ts-prop,ordem,order,apps/crm/src/componentes/lista-de-leads.tsx:212,517,no,,,proposed,codex2,
crm-ts-prop-2bcee548,crm,3,ts-prop,chave,key,apps/crm/src/componentes/ficha.tsx:118,1153,no,,,proposed,codex2,
crm-ts-prop-2cd4df48,crm,3,ts-prop,usuario,user,apps/crm/src/componentes/estrutura-crm.tsx:154,347,no,,,proposed,codex2,
crm-ts-prop-2f8be370,crm,3,ts-prop,papel,role,apps/crm/src/lib/sessao.ts:66,521,no,,,proposed,codex2,
crm-ts-prop-304d5461,crm,3,ts-prop,contaNome,accountName,apps/crm/src/lib/contatos.ts:118,14,no,,,proposed,codex2,
crm-ts-prop-353c235c,crm,3,ts-prop,opcoes,options,apps/crm/src/componentes/celula-inline.tsx:44,157,no,,,proposed,codex2,
crm-ts-prop-35731cc9,crm,3,ts-prop,ultimaAtividadeTipo,ultimaActivityTipo,apps/crm/src/lib/leads-visao.ts:67,2,no,,,proposed,codex2,
crm-ts-prop-37d1f4f2,crm,3,ts-prop,valorJson,valueJson,apps/crm/src/lib/leads.ts:422,3,no,,,proposed,codex2,
crm-ts-prop-38125f38,crm,3,ts-prop,descricao,description,apps/crm/src/componentes/configuracoes/cabecalho.tsx:23,299,no,,,proposed,codex2,
crm-ts-prop-398a42be,crm,3,ts-prop,permissoes,permissions,apps/crm/src/lib/configuracoes-comum.ts:266,149,no,,,proposed,codex2,
crm-ts-prop-39923f53,crm,3,ts-prop,documento,document,apps/crm/src/lib/contas.ts:123,217,no,,,proposed,codex2,
crm-ts-prop-3b2f0a0a,crm,3,ts-prop,opcoes,options,apps/crm/semente/semente-crm.ts:499,157,no,,,proposed,codex2,
crm-ts-prop-3b648c51,crm,3,ts-prop,busca,search,apps/crm/src/app/oportunidades/page.tsx:209,420,no,,,proposed,codex2,
crm-ts-prop-40405340,crm,3,ts-prop,vazio,empty,apps/crm/src/componentes/celula-inline.tsx:46,290,no,,,proposed,codex2,
crm-ts-prop-41235fec,crm,3,ts-prop,probabilidade,probability,apps/crm/src/lib/funil.ts:155,24,no,,,proposed,codex2,
crm-ts-prop-424831b6,crm,3,ts-prop,probabilidade,probability,apps/crm/src/lib/funil.ts:24,24,no,,,proposed,codex2,
crm-ts-prop-430c945d,crm,3,ts-prop,__pipeCrmBanco,pipeCrmDatabase,apps/crm/src/lib/banco.ts:26,1,no,,,proposed,codex2,
crm-ts-prop-46017620,crm,3,ts-prop,permissoes,permissions,apps/crm/src/lib/configuracoes-dados.ts:505,149,no,,,proposed,codex2,
crm-ts-prop-460a18b2,crm,3,ts-prop,contatos,contacts,apps/crm/src/lib/contas.ts:129,438,no,,,proposed,codex2,
crm-ts-prop-474308b4,crm,3,ts-prop,filtros,filters,apps/crm/src/componentes/lista-de-leads.tsx:214,91,no,,,proposed,codex2,
crm-ts-prop-4896655b,crm,3,ts-prop,descricao,description,apps/crm/src/lib/configuracoes-comum.ts:286,299,no,,,proposed,codex2,
crm-ts-prop-4a7ab609,crm,3,ts-prop,contagem,count,apps/crm/src/componentes/ficha.tsx:121,134,no,,,proposed,codex2,
crm-ts-prop-4f49930d,crm,3,ts-prop,dominio,domain,apps/crm/src/lib/configuracoes-comum.ts:240,476,no,,,proposed,codex2,
crm-ts-prop-4f74fe6b,crm,3,ts-prop,fila,queue,apps/crm/src/lib/leads-visao.ts:59,993,no,,,proposed,codex2,
crm-ts-prop-50802ccc,crm,3,ts-prop,ordem,order,apps/crm/src/componentes/colunas.tsx:38,517,no,,,proposed,codex2,
crm-ts-prop-50a915d6,crm,3,ts-prop,convidado_por,convidadoBy,apps/crm/src/lib/configuracoes-dados.ts:272,3,no,,,proposed,codex2,
crm-ts-prop-5331c9e1,crm,3,ts-prop,fechamentoPrevisto,closingPrevisto,apps/crm/src/lib/funil.ts:29,15,no,,,proposed,codex2,
crm-ts-prop-567b9159,crm,3,ts-prop,ordem,order,apps/crm/src/app/leads/page.tsx:31,517,no,,,proposed,codex2,
crm-ts-prop-5c1a88dc,crm,3,ts-prop,valorNum,valueNum,apps/crm/src/lib/leads.ts:419,8,no,,,proposed,codex2,
crm-ts-prop-65706557,crm,3,ts-prop,contaNome,accountName,apps/crm/src/lib/leads.ts:397,14,no,,,proposed,codex2,
crm-ts-prop-6c0d21f8,crm,3,ts-prop,emNegociacao,inNegotiation,apps/crm/src/lib/painel.ts:17,2,no,,,proposed,codex2,
crm-ts-prop-6c285543,crm,3,ts-prop,fila,queue,apps/crm/src/lib/regras.ts:29,993,no,,,proposed,codex2,
crm-ts-prop-6d55f8e9,crm,3,ts-prop,direcao,direction,apps/crm/src/componentes/lista-de-leads.tsx:213,175,no,,,proposed,codex2,
crm-ts-prop-6f59aeb5,crm,3,ts-prop,valorNum,valueNum,apps/crm/semente/semente-crm.ts:935,8,no,,,proposed,codex2,
crm-ts-prop-6f93bdea,crm,3,ts-prop,consultaAtual,queryCurrent,apps/crm/src/componentes/visoes-salvas.tsx:59,5,no,,,proposed,codex2,
crm-ts-prop-709a3e26,crm,3,ts-prop,valorNum,valueNum,apps/crm/src/componentes/quadro-funil.tsx:40,8,no,,,proposed,codex2,
crm-ts-prop-70a35c0e,crm,3,ts-prop,oportunidade,opportunity,apps/crm/src/lib/busca-tipos.ts:26,69,no,,,proposed,codex2,
crm-ts-prop-70bb2611,crm,3,ts-prop,chave,key,apps/crm/src/componentes/lista-de-leads.tsx:79,1153,no,,,proposed,codex2,
crm-ts-prop-72db42bf,crm,3,ts-prop,quantidade,quantity,apps/crm/src/lib/funil.ts:36,63,no,,,proposed,codex2,
crm-ts-prop-744af41f,crm,3,ts-prop,papel,role,apps/crm/src/lib/configuracoes-dados.ts:270,521,no,,,proposed,codex2,
crm-ts-prop-75f156bd,crm,3,ts-prop,contaId,accountId,apps/crm/src/lib/funil.ts:150,27,no,,,proposed,codex2,
crm-ts-prop-7635b419,crm,3,ts-prop,descricao,description,apps/crm/src/lib/configuracoes-comum.ts:264,299,no,,,proposed,codex2,
crm-ts-prop-76b6ef7a,crm,3,ts-prop,oportunidades,opportunities,apps/crm/src/lib/contas.ts:130,53,no,,,proposed,codex2,
crm-ts-prop-79b05912,crm,3,ts-prop,fechamentoPrevisto,closingPrevisto,apps/crm/src/lib/contas.ts:115,15,no,,,proposed,codex2,
crm-ts-prop-7b0f5ee5,crm,3,ts-prop,erro,error,apps/crm/src/lib/configuracoes-comum.ts:314,1478,no,,,proposed,codex2,
crm-ts-prop-7cb4d240,crm,3,ts-prop,contaId,accountId,apps/crm/src/lib/contatos.ts:117,27,no,,,proposed,codex2,
crm-ts-prop-7d717c48,crm,3,ts-prop,membros,members,apps/crm/src/lib/configuracoes-dados.ts:506,128,no,,,proposed,codex2,
crm-ts-prop-7d761b26,crm,3,ts-prop,estado,state,apps/crm/src/lib/contatos.ts:104,1269,no,,,proposed,codex2,
crm-ts-prop-7de1506d,crm,3,ts-prop,condicao,condition,apps/crm/semente/semente-crm.ts:143,123,no,,,proposed,codex2,
crm-ts-prop-7e86a084,crm,3,ts-prop,documento,document,apps/crm/src/lib/leads.ts:395,217,no,,,proposed,codex2,
crm-ts-prop-81217700,crm,3,ts-prop,linhaDoTempo,timeLinha,apps/crm/src/lib/funil.ts:224,6,no,,,proposed,codex2,
crm-ts-prop-816635d4,crm,3,ts-prop,membros,members,apps/crm/src/lib/configuracoes-comum.ts:267,128,no,,,proposed,codex2,
crm-ts-prop-83f1b335,crm,3,ts-prop,valorAberto,valueAberto,apps/crm/src/lib/contas.ts:131,4,no,,,proposed,codex2,
crm-ts-prop-848dc8b3,crm,3,ts-prop,valorData,valueData,apps/crm/src/lib/leads.ts:420,5,no,,,proposed,codex2,
crm-ts-prop-88540dbc,crm,3,ts-prop,secoes,sections,apps/crm/src/componentes/configuracoes/cabecalho.tsx:26,37,no,,,proposed,codex2,
crm-ts-prop-898498a8,crm,3,ts-prop,valor,value,apps/crm/src/componentes/configuracoes/formulario.tsx:185,1656,no,,,proposed,codex2,
crm-ts-prop-898d5165,crm,3,ts-prop,destino,destination,apps/crm/src/lib/sessao.ts:160,303,no,,,proposed,codex2,
crm-ts-prop-8bac91c9,crm,3,ts-prop,acoes,actions,apps/crm/src/componentes/configuracoes/cabecalho.tsx:112,155,no,,,proposed,codex2,
crm-ts-prop-8ff34c9c,crm,3,ts-prop,coluna,column,apps/crm/src/componentes/redimensionar.ts:52,520,no,,,proposed,codex2,
crm-ts-prop-91a8000b,crm,3,ts-prop,descricao,description,apps/crm/src/lib/configuracoes-dados.ts:576,299,no,,,proposed,codex2,
crm-ts-prop-962d8f20,crm,3,ts-prop,contaId,accountId,apps/crm/src/lib/contatos.ts:34,27,no,,,proposed,codex2,
crm-ts-prop-96820301,crm,3,ts-prop,grupos,groups,apps/crm/src/componentes/lista-de-leads.tsx:206,85,no,,,proposed,codex2,
crm-ts-prop-96a3d38c,crm,3,ts-prop,busca,search,apps/crm/src/componentes/lista-de-leads.tsx:210,420,no,,,proposed,codex2,
crm-ts-prop-96adc8cf,crm,3,ts-prop,oportunidadesAbertas,opportunitiesAbertas,apps/crm/src/lib/painel.ts:15,2,no,,,proposed,codex2,
crm-ts-prop-971485be,crm,3,ts-prop,documento,document,apps/crm/src/lib/contatos.ts:116,217,no,,,proposed,codex2,
crm-ts-prop-97c1b894,crm,3,ts-prop,oportunidades,opportunities,apps/crm/src/lib/contas.ts:28,53,no,,,proposed,codex2,
crm-ts-prop-983ce2a6,crm,3,ts-prop,convidadoPor,convidadoBy,apps/crm/src/lib/configuracoes-comum.ts:258,4,no,,,proposed,codex2,
crm-ts-prop-98ccbf83,crm,3,ts-prop,valorTexto,valueText,apps/crm/semente/semente-crm.ts:934,10,no,,,proposed,codex2,"fixed: leftover PT token (dictionary gap: ler/texto/como/resultado/servir), gate 2 dry-run sweep"
crm-ts-prop-99e1453a,crm,3,ts-prop,aoRestaurar,toRestore,apps/crm/src/componentes/colunas.tsx:172,6,no,,,proposed,codex2,
crm-ts-prop-9abc5c06,crm,3,ts-prop,linhaDoTempo,timeLinha,apps/crm/src/lib/leads.ts:413,6,no,,,proposed,codex2,
crm-ts-prop-9afd198d,crm,3,ts-prop,vazio,empty,apps/crm/src/componentes/ficha.tsx:176,290,no,,,proposed,codex2,
crm-ts-prop-9b1a4347,crm,3,ts-prop,fechamentoPrevisto,closingPrevisto,apps/crm/src/lib/funil.ts:157,15,no,,,proposed,codex2,
crm-ts-prop-a0a84edd,crm,3,ts-prop,valor,value,apps/crm/src/app/leads/acoes.ts:70,1656,no,,,proposed,codex2,
crm-ts-prop-a0d6a752,crm,3,ts-prop,contatos,contacts,apps/crm/src/lib/contas.ts:26,438,no,,,proposed,codex2,
crm-ts-prop-a1a1ecf3,crm,3,ts-prop,papel,role,apps/crm/src/lib/configuracoes-comum.ts:250,521,no,,,proposed,codex2,
crm-ts-prop-a35fbcff,crm,3,ts-prop,ultimaConversa,ultimaConversation,apps/crm/src/lib/contatos.ts:39,4,no,,,proposed,codex2,
crm-ts-prop-a557ddef,crm,3,ts-prop,erro,error,apps/crm/src/app/leads/acoes.ts:72,1478,no,,,proposed,codex2,
crm-ts-prop-a6a70122,crm,3,ts-prop,descricao,description,apps/crm/src/lib/configuracoes-dados.ts:503,299,no,,,proposed,codex2,
crm-ts-prop-a6eb586f,crm,3,ts-prop,convite,invitation,apps/crm/src/lib/sessao.ts:160,338,no,,,proposed,codex2,
crm-ts-prop-a735f893,crm,3,ts-prop,valor,value,apps/crm/src/lib/funil.ts:23,1656,no,,,proposed,codex2,
crm-ts-prop-acd19bfb,crm,3,ts-prop,documento,document,apps/crm/src/lib/contas.ts:23,217,no,,,proposed,codex2,
crm-ts-prop-ade155ab,crm,3,ts-prop,por,by,apps/crm/src/componentes/lista-de-leads.tsx:211,2747,no,,,proposed,codex2,
crm-ts-prop-ae467c1c,crm,3,ts-prop,idade,age,apps/crm/semente/semente-crm.ts:942,24,no,,,proposed,codex2,
crm-ts-prop-af4504cb,crm,3,ts-prop,usuario,user,apps/crm/src/componentes/estrutura-crm.tsx:75,347,no,,,proposed,codex2,
crm-ts-prop-afd45d74,crm,3,ts-prop,escopos,scopes,apps/crm/src/lib/configuracoes-comum.ts:295,40,no,,,proposed,codex2,
crm-ts-prop-b17dc50a,crm,3,ts-prop,principais,main,apps/crm/src/componentes/ficha.tsx:85,19,no,,,proposed,codex2,
crm-ts-prop-b31cd9be,crm,3,ts-prop,papel,role,apps/crm/src/lib/configuracoes-comum.ts:256,521,no,,,proposed,codex2,
crm-ts-prop-b352156c,crm,3,ts-prop,papelId,roleId,apps/crm/src/lib/configuracoes-dados.ts:335,121,no,,,proposed,codex2,
crm-ts-prop-b4e631e6,crm,3,ts-prop,valorAberto,valueAberto,apps/crm/src/lib/contas.ts:29,4,no,,,proposed,codex2,
crm-ts-prop-b6753eed,crm,3,ts-prop,valorPonderado,valuePonderado,apps/crm/src/lib/painel.ts:18,2,no,,,proposed,codex2,
crm-ts-prop-bcc401a3,crm,3,ts-prop,destino,destination,apps/crm/src/app/entrar/page.tsx:105,303,no,,,proposed,codex2,
crm-ts-prop-be41363a,crm,3,ts-prop,situacao,situation,apps/crm/src/app/oportunidades/page.tsx:91,42,no,,,proposed,codex2,
crm-ts-prop-bf466d0f,crm,3,ts-prop,contato,contact,apps/crm/src/lib/busca-tipos.ts:28,1026,no,,,proposed,codex2,
crm-ts-prop-bfafed8c,crm,3,ts-prop,valor,value,apps/crm/src/lib/funil.ts:154,1656,no,,,proposed,codex2,
crm-ts-prop-c194d32c,crm,3,ts-prop,valorBool,valueBool,apps/crm/src/lib/leads.ts:421,5,no,,,proposed,codex2,
crm-ts-prop-c1a4a653,crm,3,ts-prop,nomesDosMembros,membersNames,apps/crm/src/lib/configuracoes-comum.ts:278,2,no,,,proposed,codex2,
crm-ts-prop-c313ec53,crm,3,ts-prop,valorGanho,valueGanho,apps/crm/src/lib/contas.ts:132,2,no,,,proposed,codex2,
crm-ts-prop-c3aac358,crm,3,ts-prop,escopos,scopes,apps/crm/src/lib/configuracoes-dados.ts:882,40,no,,,proposed,codex2,
crm-ts-prop-c3fb74e8,crm,3,ts-prop,conta,account,apps/crm/src/lib/busca-tipos.ts:27,808,no,,,proposed,codex2,
crm-ts-prop-c6cd0db5,crm,3,ts-prop,contaNome,accountName,apps/crm/src/lib/funil.ts:151,14,no,,,proposed,codex2,
crm-ts-prop-c80a3ff3,crm,3,ts-prop,fila,queue,apps/crm/semente/semente-crm.ts:212,993,no,,,proposed,codex2,
crm-ts-prop-c9d68a31,crm,3,ts-prop,fila,queue,apps/crm/src/lib/contatos.ts:102,993,no,,,proposed,codex2,
crm-ts-prop-cb79959a,crm,3,ts-prop,descricao,description,apps/crm/src/lib/configuracoes-comum.ts:272,299,no,,,proposed,codex2,
crm-ts-prop-cbc2a4f5,crm,3,ts-prop,ultimoAcessoEm,ultimoAccessIn,apps/crm/src/lib/configuracoes-comum.ts:226,12,no,,,proposed,codex2,
crm-ts-prop-cdab89d5,crm,3,ts-prop,valor,value,apps/crm/src/lib/leads.ts:358,1656,no,,,proposed,codex2,
crm-ts-prop-ce14cdcc,crm,3,ts-prop,valor,value,apps/crm/src/componentes/quadro-funil.tsx:41,1656,no,,,proposed,codex2,
crm-ts-prop-ce338957,crm,3,ts-prop,cartoes,cards,apps/crm/src/lib/funil.ts:34,39,no,,,proposed,codex2,
crm-ts-prop-d4052796,crm,3,ts-prop,situacao,situation,apps/crm/src/app/oportunidades/page.tsx:208,42,no,,,proposed,codex2,
crm-ts-prop-d7e20ba9,crm,3,ts-prop,papelId,roleId,apps/crm/src/lib/configuracoes-comum.ts:249,121,no,,,proposed,codex2,
crm-ts-prop-de443325,crm,3,ts-prop,contaId,accountId,apps/crm/src/lib/leads.ts:396,27,no,,,proposed,codex2,
crm-ts-prop-deb0b4cc,crm,3,ts-prop,probabilidade,probability,apps/crm/src/lib/contas.ts:113,24,no,,,proposed,codex2,
crm-ts-prop-df1193e6,crm,3,ts-prop,segredo,secret,apps/crm/src/lib/configuracoes-comum.ts:316,212,no,,,proposed,codex2,
crm-ts-prop-e1dd83a8,crm,3,ts-prop,quantidadeGeral,quantityGeneral,apps/crm/src/lib/funil.ts:42,2,no,,,proposed,codex2,
crm-ts-prop-e1f4a463,crm,3,ts-prop,conversas,conversations,apps/crm/src/lib/contatos.ts:129,540,no,,,proposed,codex2,
crm-ts-prop-e28f89be,crm,3,ts-prop,conversa,conversation,apps/crm/src/lib/leads-visao.ts:21,1270,no,,,proposed,codex2,
crm-ts-prop-e41c6c2d,crm,3,ts-prop,dominio,domain,apps/crm/src/lib/contas.ts:124,476,no,,,proposed,codex2,
crm-ts-prop-e488cffc,crm,3,ts-prop,consulta,query,apps/crm/src/componentes/visoes-salvas.tsx:28,333,no,,,proposed,codex2,
crm-ts-prop-e4ae5cd3,crm,3,ts-prop,cartoes,cards,apps/crm/src/componentes/quadro-funil.tsx:50,39,no,,,proposed,codex2,
crm-ts-prop-e57a75fb,crm,3,ts-prop,fila,queue,apps/crm/src/lib/leads.ts:364,993,no,,,proposed,codex2,
crm-ts-prop-e5dc1618,crm,3,ts-prop,ativa,active,apps/crm/src/lib/regras.ts:18,340,no,,,proposed,codex2,
crm-ts-prop-ed3d57af,crm,3,ts-prop,valorBool,valueBool,apps/crm/semente/semente-crm.ts:936,5,no,,,proposed,codex2,
crm-ts-prop-edaeec65,crm,3,ts-prop,ultimaAtividade,ultimaActivity,apps/crm/src/lib/leads-visao.ts:66,2,no,,,proposed,codex2,
crm-ts-prop-ee569ac5,crm,3,ts-prop,ultimoAcessoEm,ultimoAccessIn,apps/crm/src/lib/configuracoes-comum.ts:248,12,no,,,proposed,codex2,
crm-ts-prop-f0ebdd6c,crm,3,ts-prop,condicao,condition,apps/crm/src/lib/regras.ts:19,123,no,,,proposed,codex2,
crm-ts-prop-f1039e18,crm,3,ts-prop,membros,members,apps/crm/src/lib/configuracoes-comum.ts:239,128,no,,,proposed,codex2,
crm-ts-prop-f60bcf5c,crm,3,ts-prop,implantacao,deployment,apps/crm/src/lib/configuracoes-comum.ts:238,14,no,,,proposed,codex2,
crm-ts-prop-f672566d,crm,3,ts-prop,dominio,domain,apps/crm/src/lib/contas.ts:24,476,no,,,proposed,codex2,
crm-ts-prop-f7b6c95f,crm,3,ts-prop,valor,value,apps/crm/src/lib/leads.ts:371,1656,no,,,proposed,codex2,
crm-ts-prop-f7c1c3b8,crm,3,ts-prop,em_contato,inContact,apps/crm/src/lib/leads-visao.ts:29,4,no,,,proposed,codex2,
crm-ts-prop-fc5f8749,crm,3,ts-prop,valorData,valueData,apps/crm/semente/semente-crm.ts:937,5,no,,,proposed,codex2,
crm-ts-prop-fd773289,crm,3,ts-prop,contaNome,accountName,apps/crm/src/lib/funil.ts:26,14,no,,,proposed,codex2,
crm-ts-prop-ffe75093,crm,3,ts-prop,descricao,description,apps/crm/src/lib/configuracoes-dados.ts:786,299,no,,,proposed,codex2,
crm-ts-prop-8ed1b6dc,crm,3,ts-prop,agora,now,apps/crm/src/componentes/lista-de-leads.tsx:74,1,no,,,proposed,sonnet,"rejected persisted-candidate (01-12 gate-2 reconciliation): not reached by any Postgres jsonb column per std/reports/jsonb-reach.csv; false-positive name match, proposed like a normal candidate"
crm-ts-prop-74719315,crm,3,ts-prop,fuso,timezone,apps/crm/src/componentes/lista-de-leads.tsx:73,1,no,,,proposed,sonnet,"rejected persisted-candidate (01-12 gate-2 reconciliation): not reached by any Postgres jsonb column per std/reports/jsonb-reach.csv; false-positive name match, proposed like a normal candidate"
crm-ts-prop-91efdef0,crm,3,ts-prop,id,KEEP,apps/crm/src/lib/leads-visao.ts:71,1,no,,,proposed,sonnet,"rejected persisted-candidate (01-12 gate-2 reconciliation): not reached by any Postgres jsonb column per std/reports/jsonb-reach.csv; false-positive name match, proposed like a normal candidate"
crm-ts-prop-d310bade,crm,3,ts-prop,nome,name,apps/crm/src/lib/leads-visao.ts:72,1,no,,,proposed,sonnet,"rejected persisted-candidate (01-12 gate-2 reconciliation): not reached by any Postgres jsonb column per std/reports/jsonb-reach.csv; false-positive name match, proposed like a normal candidate"
crm-ts-prop-87a46b7b,crm,3,ts-prop,proprietarios,owners,apps/crm/src/componentes/lista-de-leads.tsx:75,1,no,,,proposed,sonnet,"rejected persisted-candidate (01-12 gate-2 reconciliation): not reached by any Postgres jsonb column per std/reports/jsonb-reach.csv; false-positive name match, proposed like a normal candidate"
crm-query-param-destino,crm,3,query-param,destino,returnTo,apps/crm/src/middleware.ts:27,,no,,,proposed,sonnet,"gate 2 query-param audit (W-audit): missing from the original inventory (URLSearchParams/useSearchParams/@Query literal, not a symbol/prop declaration)"
crm-query-param-convite,crm,3,query-param,convite,invite,apps/crm/src/lib/sessao.ts:162,,no,,,proposed,sonnet,"gate 2 query-param audit (W-audit): missing from the original inventory (URLSearchParams/useSearchParams/@Query literal, not a symbol/prop declaration)"
crm-query-param-origem,crm,3,query-param,origem,origin,apps/crm/src/lib/sessao.ts:164,,no,,,proposed,sonnet,"gate 2 query-param audit (W-audit): missing from the original inventory (URLSearchParams/useSearchParams/@Query literal, not a symbol/prop declaration)"
crm-query-param-aba,crm,3,query-param,aba,tab,apps/crm/tests/filtros.test.ts:51,,no,,,proposed,sonnet,"gate 2 query-param audit (W-audit): missing from the original inventory (URLSearchParams/useSearchParams/@Query literal, not a symbol/prop declaration)"
crm-query-param-agrupar,crm,3,query-param,agrupar,groupBy,apps/crm/src/componentes/lista-de-leads.tsx:386,,no,,,proposed,sonnet,"gate 2 query-param audit (W-audit): missing from the original inventory. rewrite-literals unmatched: set on `const p = new URLSearchParams(...)` (p.set), not the `useSearchParams`/`searchParams.` spelling rewrite-literals' query-param matcher looks for; apply manually or extend the matcher before mechanical execution"
crm-query-param-ordem,crm,3,query-param,ordem,order,apps/crm/src/componentes/lista-de-leads.tsx:388,,no,,,proposed,sonnet,"gate 2 query-param audit (W-audit): missing from the original inventory. rewrite-literals unmatched: set on `const p = new URLSearchParams(...)` (p.set), not the `useSearchParams`/`searchParams.` spelling rewrite-literals' query-param matcher looks for; apply manually or extend the matcher before mechanical execution"
