id,file,line,reason
packages-autenticacao-comment-a5f2189b,,,not-found: 0 matching comments
packages-autenticacao-comment-5ff794ca,,,not-found: 0 matching comments
packages-contracts-comment-ae2436f5,,,not-found: 0 matching comments
packages-core-comment-26a3dbd2,,,not-found: 0 matching comments
packages-core-comment-480ab78e,,,not-found: 0 matching comments
packages-core-comment-e15dca9f,,,not-found: 0 matching comments
packages-core-comment-bcb30294,,,not-found: 0 matching comments
packages-core-comment-dc5629f9,,,not-found: 0 matching comments
packages-core-comment-c7214651,,,not-found: 0 matching comments
packages-core-comment-f5a819a2,,,not-found: 0 matching comments
packages-db-comment-ae4f8a42,,,not-found: 0 matching comments
packages-db-comment-4052c002,,,not-found: 0 matching comments
packages-tempo-real-comment-f891c80e,,,not-found: 0 matching comments
