table,column,via,root_type,kind,name,declared_at
bloco,conteudo,known-sink,Acao,ts-prop,$title,packages/core/src/fluxo/modelos.ts:16
bloco,conteudo,known-sink,Estado,ts-prop,afterStateChangedActions,packages/core/src/fluxo/modelos.ts:64
bloco,conteudo,known-sink,FluxoBlip,ts-prop,afterStateChangedActions,packages/core/src/fluxo/modelos.ts:93
bloco,conteudo,known-sink,Entrada,ts-prop,bypass,packages/core/src/fluxo/modelos.ts:39
bloco,conteudo,known-sink,Acao,ts-prop,comparison,packages/core/src/fluxo/condicao.ts:45
bloco,conteudo,known-sink,Acao,ts-prop,conditions,packages/core/src/fluxo/modelos.ts:18
bloco,conteudo,known-sink,Entrada,ts-prop,conditions,packages/core/src/fluxo/modelos.ts:40
bloco,conteudo,known-sink,Saida,ts-prop,conditions,packages/core/src/fluxo/modelos.ts:49
bloco,conteudo,known-sink,FluxoBlip,ts-prop,configuration,packages/core/src/fluxo/modelos.ts:94
bloco,conteudo,known-sink,Acao,ts-prop,continueOnError,packages/core/src/fluxo/modelos.ts:21
bloco,conteudo,known-sink,Estado,ts-prop,end,packages/core/src/fluxo/modelos.ts:60
bloco,conteudo,known-sink,Acao,ts-prop,entity,packages/core/src/fluxo/condicao.ts:44
bloco,conteudo,known-sink,Entrada,ts-prop,error,packages/core/src/fluxo/modelos.ts:34
bloco,conteudo,known-sink,Acao,ts-prop,executeAsynchronously,packages/core/src/fluxo/modelos.ts:22
bloco,conteudo,known-sink,Entrada,ts-prop,expiration,packages/core/src/fluxo/modelos.ts:42
bloco,conteudo,known-sink,Acao,ts-prop,id,packages/core/src/fluxo/modelos.ts:15
bloco,conteudo,known-sink,Estado,ts-prop,id,packages/core/src/fluxo/modelos.ts:58
bloco,conteudo,known-sink,FluxoBlip,ts-prop,id,packages/core/src/fluxo/modelos.ts:85
bloco,conteudo,known-sink,Estado,ts-prop,inputActions,packages/core/src/fluxo/modelos.ts:61
bloco,conteudo,known-sink,FluxoBlip,ts-prop,inputActions,packages/core/src/fluxo/modelos.ts:90
bloco,conteudo,known-sink,Estado,ts-prop,input,packages/core/src/fluxo/modelos.ts:62
bloco,conteudo,known-sink,Estado,ts-prop,localCustomActions,packages/core/src/fluxo/modelos.ts:66
bloco,conteudo,known-sink,Acao,ts-prop,operator,packages/core/src/fluxo/condicao.ts:46
bloco,conteudo,known-sink,Acao,ts-prop,order,packages/core/src/fluxo/modelos.ts:17
bloco,conteudo,known-sink,Saida,ts-prop,order,packages/core/src/fluxo/modelos.ts:48
bloco,conteudo,known-sink,Estado,ts-prop,outputActions,packages/core/src/fluxo/modelos.ts:63
bloco,conteudo,known-sink,FluxoBlip,ts-prop,outputActions,packages/core/src/fluxo/modelos.ts:92
bloco,conteudo,known-sink,Estado,ts-prop,outputs,packages/core/src/fluxo/modelos.ts:65
bloco,conteudo,known-sink,Entrada,ts-prop,regex,packages/core/src/fluxo/modelos.ts:32
bloco,conteudo,known-sink,Estado,ts-prop,root,packages/core/src/fluxo/modelos.ts:59
bloco,conteudo,known-sink,Entrada,ts-prop,rule,packages/core/src/fluxo/modelos.ts:31
bloco,conteudo,known-sink,FluxoBlip,ts-prop,sessionState,packages/core/src/fluxo/modelos.ts:89
bloco,conteudo,known-sink,Acao,ts-prop,settings,packages/core/src/fluxo/modelos.ts:24
bloco,conteudo,known-sink,Acao,ts-prop,source,packages/core/src/fluxo/condicao.ts:42
bloco,conteudo,known-sink,Saida,ts-prop,stateId,packages/core/src/fluxo/modelos.ts:50
bloco,conteudo,known-sink,FluxoBlip,ts-prop,states,packages/core/src/fluxo/modelos.ts:91
bloco,conteudo,known-sink,Acao,ts-prop,timeout,packages/core/src/fluxo/modelos.ts:20
bloco,conteudo,known-sink,Acao,ts-prop,type,packages/core/src/fluxo/modelos.ts:23
bloco,conteudo,known-sink,Entrada,ts-prop,type,packages/core/src/fluxo/modelos.ts:33
bloco,conteudo,known-sink,FluxoBlip,ts-prop,type,packages/core/src/fluxo/modelos.ts:88
bloco,conteudo,known-sink,Entrada,ts-prop,validation,packages/core/src/fluxo/modelos.ts:41
bloco,conteudo,known-sink,Acao,ts-prop,values,packages/core/src/fluxo/condicao.ts:47
bloco,conteudo,known-sink,Acao,ts-prop,variable,packages/core/src/fluxo/condicao.ts:43
bloco,conteudo,known-sink,Entrada,ts-prop,variable,packages/core/src/fluxo/modelos.ts:43
bloco,conteudo,known-sink,FluxoBlip,ts-prop,version,packages/core/src/fluxo/modelos.ts:86
dicionarioCampo,settings,read-cast,{ type?: unknown; } | undefined,ts-prop,type,packages/core/src/fluxo/editor.ts:203
execucaoFluxo,contexto,known-sink,Contexto,ts-prop,$title,packages/core/src/fluxo/modelos.ts:16
execucaoFluxo,contexto,known-sink,Contexto,ts-prop,afterStateChangedActions,packages/core/src/fluxo/modelos.ts:64
execucaoFluxo,contexto,known-sink,Contexto,ts-prop,afterStateChangedActions,packages/core/src/fluxo/modelos.ts:93
execucaoFluxo,contexto,known-sink,Contexto,ts-prop,agora,apps/crm/src/componentes/lista-de-leads.tsx:74
execucaoFluxo,contexto,known-sink,Contexto,ts-prop,answer,packages/core/src/fluxo/contexto.ts:61
execucaoFluxo,contexto,known-sink,Contexto,ts-prop,bypass,packages/core/src/fluxo/modelos.ts:39
execucaoFluxo,contexto,known-sink,Contexto,ts-prop,caminho,apps/ponte/src/rotas.ts:33
execucaoFluxo,contexto,known-sink,Contexto,ts-prop,chamarHttp,packages/core/src/fluxo/contexto.ts:144
execucaoFluxo,contexto,known-sink,Contexto,ts-prop,cmd,apps/ponte/src/rotas.ts:35
execucaoFluxo,contexto,known-sink,Contexto,ts-prop,comparison,packages/core/src/fluxo/condicao.ts:45
execucaoFluxo,contexto,known-sink,Contexto,ts-prop,conditions,packages/core/src/fluxo/modelos.ts:18
execucaoFluxo,contexto,known-sink,Contexto,ts-prop,conditions,packages/core/src/fluxo/modelos.ts:40
execucaoFluxo,contexto,known-sink,Contexto,ts-prop,conditions,packages/core/src/fluxo/modelos.ts:49
execucaoFluxo,contexto,known-sink,Contexto,ts-prop,configuration,packages/core/src/fluxo/modelos.ts:94
execucaoFluxo,contexto,known-sink,Contexto,ts-prop,contato,packages/core/src/fluxo/contexto.ts:171
execucaoFluxo,contexto,known-sink,Contexto,ts-prop,conteudo,packages/core/src/fluxo/contexto.ts:52
execucaoFluxo,contexto,known-sink,Contexto,ts-prop,conteudoSerializado,packages/core/src/fluxo/contexto.ts:74
execucaoFluxo,contexto,known-sink,Contexto,ts-prop,continueOnError,packages/core/src/fluxo/modelos.ts:21
execucaoFluxo,contexto,known-sink,Contexto,literal-value,delete,apps/ponte/src/lime.ts:21
execucaoFluxo,contexto,known-sink,Contexto,ts-prop,de,packages/core/src/fluxo/contexto.ts:53
execucaoFluxo,contexto,known-sink,Contexto,ts-prop,email,apps/ponte/src/rotas.ts:27
execucaoFluxo,contexto,known-sink,Contexto,ts-prop,encaminharParaAtendimento,packages/core/src/fluxo/contexto.ts:138
execucaoFluxo,contexto,known-sink,Contexto,ts-prop,end,packages/core/src/fluxo/modelos.ts:60
execucaoFluxo,contexto,known-sink,Contexto,ts-prop,entidades,packages/core/src/fluxo/contexto.ts:76
execucaoFluxo,contexto,known-sink,Contexto,ts-prop,entity,packages/core/src/fluxo/condicao.ts:44
execucaoFluxo,contexto,known-sink,Contexto,ts-prop,entradaContexto,packages/core/src/fluxo/contexto.ts:169
execucaoFluxo,contexto,known-sink,Contexto,ts-prop,entrada,packages/core/src/fluxo/contexto.ts:165
execucaoFluxo,contexto,known-sink,Contexto,ts-prop,enviar,packages/core/src/fluxo/contexto.ts:137
execucaoFluxo,contexto,known-sink,Contexto,ts-prop,error,packages/core/src/fluxo/modelos.ts:34
execucaoFluxo,contexto,known-sink,Contexto,ts-prop,executeAsynchronously,packages/core/src/fluxo/modelos.ts:22
execucaoFluxo,contexto,known-sink,Contexto,ts-prop,expiration,packages/core/src/fluxo/modelos.ts:42
execucaoFluxo,contexto,known-sink,Contexto,ts-prop,fluxo,packages/core/src/fluxo/contexto.ts:164
execucaoFluxo,contexto,known-sink,Contexto,ts-prop,fuso,apps/crm/src/componentes/lista-de-leads.tsx:73
execucaoFluxo,contexto,known-sink,Contexto,literal-value,get,apps/ponte/src/lime.ts:21
execucaoFluxo,contexto,known-sink,Contexto,ts-prop,id,apps/crm/src/lib/leads-visao.ts:71
execucaoFluxo,contexto,known-sink,Contexto,ts-prop,id,apps/ponte/src/lime.ts:20
execucaoFluxo,contexto,known-sink,Contexto,ts-prop,id,packages/core/src/fluxo/contexto.ts:50
execucaoFluxo,contexto,known-sink,Contexto,ts-prop,id,packages/core/src/fluxo/contexto.ts:58
execucaoFluxo,contexto,known-sink,Contexto,ts-prop,id,packages/core/src/fluxo/contexto.ts:65
execucaoFluxo,contexto,known-sink,Contexto,ts-prop,id,packages/core/src/fluxo/modelos.ts:15
execucaoFluxo,contexto,known-sink,Contexto,ts-prop,id,packages/core/src/fluxo/modelos.ts:58
execucaoFluxo,contexto,known-sink,Contexto,ts-prop,id,packages/core/src/fluxo/modelos.ts:85
execucaoFluxo,contexto,known-sink,Contexto,ts-prop,inputActions,packages/core/src/fluxo/modelos.ts:61
execucaoFluxo,contexto,known-sink,Contexto,ts-prop,inputActions,packages/core/src/fluxo/modelos.ts:90
execucaoFluxo,contexto,known-sink,Contexto,ts-prop,input,packages/core/src/fluxo/modelos.ts:62
execucaoFluxo,contexto,known-sink,Contexto,ts-prop,intencao,packages/core/src/fluxo/contexto.ts:75
execucaoFluxo,contexto,known-sink,Contexto,ts-prop,localCustomActions,packages/core/src/fluxo/modelos.ts:66
execucaoFluxo,contexto,known-sink,Contexto,ts-prop,mensagem,packages/core/src/fluxo/contexto.ts:72
execucaoFluxo,contexto,known-sink,Contexto,literal-value,merge,apps/ponte/src/lime.ts:21
execucaoFluxo,contexto,known-sink,Contexto,ts-prop,method,apps/ponte/src/lime.ts:21
execucaoFluxo,contexto,known-sink,Contexto,ts-prop,name,packages/core/src/fluxo/contexto.ts:59
execucaoFluxo,contexto,known-sink,Contexto,ts-prop,name,packages/core/src/fluxo/contexto.ts:66
execucaoFluxo,contexto,known-sink,Contexto,ts-prop,nome,apps/crm/src/lib/leads-visao.ts:72
execucaoFluxo,contexto,known-sink,Contexto,ts-prop,nome,apps/ponte/src/rotas.ts:28
execucaoFluxo,contexto,known-sink,Contexto,literal-value,observe,apps/ponte/src/lime.ts:21
execucaoFluxo,contexto,known-sink,Contexto,ts-prop,operator,packages/core/src/fluxo/condicao.ts:46
execucaoFluxo,contexto,known-sink,Contexto,ts-prop,order,packages/core/src/fluxo/modelos.ts:17
execucaoFluxo,contexto,known-sink,Contexto,ts-prop,order,packages/core/src/fluxo/modelos.ts:48
execucaoFluxo,contexto,known-sink,Contexto,ts-prop,outputActions,packages/core/src/fluxo/modelos.ts:63
execucaoFluxo,contexto,known-sink,Contexto,ts-prop,outputActions,packages/core/src/fluxo/modelos.ts:92
execucaoFluxo,contexto,known-sink,Contexto,ts-prop,outputs,packages/core/src/fluxo/modelos.ts:65
execucaoFluxo,contexto,known-sink,Contexto,ts-prop,para,packages/core/src/fluxo/contexto.ts:54
execucaoFluxo,contexto,known-sink,Contexto,ts-prop,proprietarios,apps/crm/src/componentes/lista-de-leads.tsx:75
execucaoFluxo,contexto,known-sink,Contexto,ts-prop,provedores,packages/core/src/fluxo/contexto.ts:173
execucaoFluxo,contexto,known-sink,Contexto,ts-prop,query,apps/ponte/src/rotas.ts:34
execucaoFluxo,contexto,known-sink,Contexto,ts-prop,redirecionar,packages/core/src/fluxo/contexto.ts:152
execucaoFluxo,contexto,known-sink,Contexto,ts-prop,regex,packages/core/src/fluxo/modelos.ts:32
execucaoFluxo,contexto,known-sink,Contexto,ts-prop,registrarEvento,packages/core/src/fluxo/contexto.ts:142
execucaoFluxo,contexto,known-sink,Contexto,ts-prop,resource,apps/ponte/src/lime.ts:25
execucaoFluxo,contexto,known-sink,Contexto,ts-prop,root,packages/core/src/fluxo/modelos.ts:59
execucaoFluxo,contexto,known-sink,Contexto,ts-prop,rule,packages/core/src/fluxo/modelos.ts:31
execucaoFluxo,contexto,known-sink,Contexto,ts-prop,score,packages/core/src/fluxo/contexto.ts:60
execucaoFluxo,contexto,known-sink,Contexto,ts-prop,servicos,packages/core/src/fluxo/contexto.ts:174
execucaoFluxo,contexto,known-sink,Contexto,ts-prop,sessao,apps/ponte/src/rotas.ts:32
execucaoFluxo,contexto,known-sink,Contexto,ts-prop,sessionState,packages/core/src/fluxo/modelos.ts:89
execucaoFluxo,contexto,known-sink,Contexto,literal-value,set,apps/ponte/src/lime.ts:21
execucaoFluxo,contexto,known-sink,Contexto,ts-prop,settings,packages/core/src/fluxo/modelos.ts:24
execucaoFluxo,contexto,known-sink,Contexto,ts-prop,source,packages/core/src/fluxo/condicao.ts:42
execucaoFluxo,contexto,known-sink,Contexto,ts-prop,stateId,packages/core/src/fluxo/modelos.ts:50
execucaoFluxo,contexto,known-sink,Contexto,ts-prop,states,packages/core/src/fluxo/modelos.ts:91
execucaoFluxo,contexto,known-sink,Contexto,literal-value,subscribe,apps/ponte/src/lime.ts:21
execucaoFluxo,contexto,known-sink,Contexto,ts-prop,suspenderHttp,packages/core/src/fluxo/contexto.ts:146
execucaoFluxo,contexto,known-sink,Contexto,ts-prop,tenantId,apps/ponte/src/rotas.ts:25
execucaoFluxo,contexto,known-sink,Contexto,ts-prop,timeout,packages/core/src/fluxo/modelos.ts:20
execucaoFluxo,contexto,known-sink,Contexto,ts-prop,tipo,packages/core/src/fluxo/contexto.ts:51
execucaoFluxo,contexto,known-sink,Contexto,ts-prop,to,apps/ponte/src/lime.ts:22
execucaoFluxo,contexto,known-sink,Contexto,ts-prop,type,apps/ponte/src/lime.ts:24
execucaoFluxo,contexto,known-sink,Contexto,ts-prop,type,packages/core/src/fluxo/modelos.ts:23
execucaoFluxo,contexto,known-sink,Contexto,ts-prop,type,packages/core/src/fluxo/modelos.ts:33
execucaoFluxo,contexto,known-sink,Contexto,ts-prop,type,packages/core/src/fluxo/modelos.ts:88
execucaoFluxo,contexto,known-sink,Contexto,literal-value,unsubscribe,apps/ponte/src/lime.ts:21
execucaoFluxo,contexto,known-sink,Contexto,ts-prop,uri,apps/ponte/src/lime.ts:23
execucaoFluxo,contexto,known-sink,Contexto,ts-prop,usuarioId,apps/ponte/src/rotas.ts:26
execucaoFluxo,contexto,known-sink,Contexto,ts-prop,usuario,packages/core/src/fluxo/contexto.ts:163
execucaoFluxo,contexto,known-sink,Contexto,ts-prop,validation,packages/core/src/fluxo/modelos.ts:41
execucaoFluxo,contexto,known-sink,Contexto,ts-prop,value,packages/core/src/fluxo/contexto.ts:67
execucaoFluxo,contexto,known-sink,Contexto,ts-prop,values,packages/core/src/fluxo/condicao.ts:47
execucaoFluxo,contexto,known-sink,Contexto,ts-prop,variable,packages/core/src/fluxo/condicao.ts:43
execucaoFluxo,contexto,known-sink,Contexto,ts-prop,variable,packages/core/src/fluxo/modelos.ts:43
execucaoFluxo,contexto,known-sink,Contexto,ts-prop,variaveis,packages/core/src/fluxo/contexto.ts:167
execucaoFluxo,contexto,known-sink,Contexto,ts-prop,version,packages/core/src/fluxo/modelos.ts:86
execucaoPasso,entrada,known-sink,MensagemDeEntrada,ts-prop,conteudo,packages/core/src/fluxo/contexto.ts:52
execucaoPasso,entrada,known-sink,MensagemDeEntrada,ts-prop,de,packages/core/src/fluxo/contexto.ts:53
execucaoPasso,entrada,known-sink,MensagemDeEntrada,ts-prop,id,packages/core/src/fluxo/contexto.ts:50
execucaoPasso,entrada,known-sink,MensagemDeEntrada,ts-prop,para,packages/core/src/fluxo/contexto.ts:54
execucaoPasso,entrada,known-sink,MensagemDeEntrada,ts-prop,tipo,packages/core/src/fluxo/contexto.ts:51
execucaoPasso,saida,known-sink,MensagemDeSaida,ts-prop,bruto,packages/core/src/fluxo/contexto.ts:101
execucaoPasso,saida,known-sink,MensagemDeSaida,ts-prop,conteudo,packages/core/src/fluxo/contexto.ts:98
execucaoPasso,saida,known-sink,MensagemDeSaida,ts-prop,metadados,packages/core/src/fluxo/contexto.ts:99
execucaoPasso,saida,known-sink,MensagemDeSaida,ts-prop,tipo,packages/core/src/fluxo/contexto.ts:97
logAuditoria,antes,known-sink,EventoDeAuditoria,ts-prop,acao,packages/db/src/auditoria.ts:44
logAuditoria,antes,known-sink,EventoDeAuditoria,literal-value,alterou,packages/db/src/auditoria.ts:44
logAuditoria,antes,known-sink,EventoDeAuditoria,ts-prop,antes,packages/db/src/auditoria.ts:49
logAuditoria,antes,known-sink,EventoDeAuditoria,literal-value,ativou,packages/db/src/auditoria.ts:44
logAuditoria,antes,known-sink,EventoDeAuditoria,ts-prop,ator,packages/db/src/auditoria.ts:43
logAuditoria,antes,known-sink,EventoDeAuditoria,literal-value,chave,packages/db/src/auditoria.ts:36
logAuditoria,antes,known-sink,EventoDeAuditoria,literal-value,criou,packages/db/src/auditoria.ts:44
logAuditoria,antes,known-sink,EventoDeAuditoria,ts-prop,depois,packages/db/src/auditoria.ts:51
logAuditoria,antes,known-sink,EventoDeAuditoria,literal-value,desativou,packages/db/src/auditoria.ts:44
logAuditoria,antes,known-sink,EventoDeAuditoria,literal-value,excluiu,packages/db/src/auditoria.ts:44
logAuditoria,antes,known-sink,EventoDeAuditoria,ts-prop,id,packages/db/src/auditoria.ts:38
logAuditoria,antes,known-sink,EventoDeAuditoria,ts-prop,ip,packages/db/src/auditoria.ts:39
logAuditoria,antes,known-sink,EventoDeAuditoria,ts-prop,objetoId,packages/db/src/auditoria.ts:47
logAuditoria,antes,known-sink,EventoDeAuditoria,ts-prop,objetoTipo,packages/db/src/auditoria.ts:46
logAuditoria,antes,known-sink,EventoDeAuditoria,literal-value,sistema,packages/db/src/auditoria.ts:36
logAuditoria,antes,known-sink,EventoDeAuditoria,ts-prop,tipo,packages/db/src/auditoria.ts:36
logAuditoria,antes,known-sink,EventoDeAuditoria,literal-value,usuario,packages/db/src/auditoria.ts:36
logAuditoria,depois,known-sink,EventoDeAuditoria,ts-prop,acao,packages/db/src/auditoria.ts:44
logAuditoria,depois,known-sink,EventoDeAuditoria,literal-value,alterou,packages/db/src/auditoria.ts:44
logAuditoria,depois,known-sink,EventoDeAuditoria,ts-prop,antes,packages/db/src/auditoria.ts:49
logAuditoria,depois,known-sink,EventoDeAuditoria,literal-value,ativou,packages/db/src/auditoria.ts:44
logAuditoria,depois,known-sink,EventoDeAuditoria,ts-prop,ator,packages/db/src/auditoria.ts:43
logAuditoria,depois,known-sink,EventoDeAuditoria,literal-value,chave,packages/db/src/auditoria.ts:36
logAuditoria,depois,known-sink,EventoDeAuditoria,literal-value,criou,packages/db/src/auditoria.ts:44
logAuditoria,depois,known-sink,EventoDeAuditoria,ts-prop,depois,packages/db/src/auditoria.ts:51
logAuditoria,depois,known-sink,EventoDeAuditoria,literal-value,desativou,packages/db/src/auditoria.ts:44
logAuditoria,depois,known-sink,EventoDeAuditoria,literal-value,excluiu,packages/db/src/auditoria.ts:44
logAuditoria,depois,known-sink,EventoDeAuditoria,ts-prop,id,packages/db/src/auditoria.ts:38
logAuditoria,depois,known-sink,EventoDeAuditoria,ts-prop,ip,packages/db/src/auditoria.ts:39
logAuditoria,depois,known-sink,EventoDeAuditoria,ts-prop,objetoId,packages/db/src/auditoria.ts:47
logAuditoria,depois,known-sink,EventoDeAuditoria,ts-prop,objetoTipo,packages/db/src/auditoria.ts:46
logAuditoria,depois,known-sink,EventoDeAuditoria,literal-value,sistema,packages/db/src/auditoria.ts:36
logAuditoria,depois,known-sink,EventoDeAuditoria,ts-prop,tipo,packages/db/src/auditoria.ts:36
logAuditoria,depois,known-sink,EventoDeAuditoria,literal-value,usuario,packages/db/src/auditoria.ts:36
posicaoNoRoteador,contexto,known-sink,Contexto,ts-prop,$title,packages/core/src/fluxo/modelos.ts:16
posicaoNoRoteador,contexto,known-sink,Contexto,ts-prop,afterStateChangedActions,packages/core/src/fluxo/modelos.ts:64
posicaoNoRoteador,contexto,known-sink,Contexto,ts-prop,afterStateChangedActions,packages/core/src/fluxo/modelos.ts:93
posicaoNoRoteador,contexto,known-sink,Contexto,ts-prop,agora,apps/crm/src/componentes/lista-de-leads.tsx:74
posicaoNoRoteador,contexto,known-sink,Contexto,ts-prop,answer,packages/core/src/fluxo/contexto.ts:61
posicaoNoRoteador,contexto,known-sink,Contexto,ts-prop,bypass,packages/core/src/fluxo/modelos.ts:39
posicaoNoRoteador,contexto,known-sink,Contexto,ts-prop,caminho,apps/ponte/src/rotas.ts:33
posicaoNoRoteador,contexto,known-sink,Contexto,ts-prop,chamarHttp,packages/core/src/fluxo/contexto.ts:144
posicaoNoRoteador,contexto,known-sink,Contexto,ts-prop,cmd,apps/ponte/src/rotas.ts:35
posicaoNoRoteador,contexto,known-sink,Contexto,ts-prop,comparison,packages/core/src/fluxo/condicao.ts:45
posicaoNoRoteador,contexto,known-sink,Contexto,ts-prop,conditions,packages/core/src/fluxo/modelos.ts:18
posicaoNoRoteador,contexto,known-sink,Contexto,ts-prop,conditions,packages/core/src/fluxo/modelos.ts:40
posicaoNoRoteador,contexto,known-sink,Contexto,ts-prop,conditions,packages/core/src/fluxo/modelos.ts:49
posicaoNoRoteador,contexto,known-sink,Contexto,ts-prop,configuration,packages/core/src/fluxo/modelos.ts:94
posicaoNoRoteador,contexto,known-sink,Contexto,ts-prop,contato,packages/core/src/fluxo/contexto.ts:171
posicaoNoRoteador,contexto,known-sink,Contexto,ts-prop,conteudo,packages/core/src/fluxo/contexto.ts:52
posicaoNoRoteador,contexto,known-sink,Contexto,ts-prop,conteudoSerializado,packages/core/src/fluxo/contexto.ts:74
posicaoNoRoteador,contexto,known-sink,Contexto,ts-prop,continueOnError,packages/core/src/fluxo/modelos.ts:21
posicaoNoRoteador,contexto,known-sink,Contexto,literal-value,delete,apps/ponte/src/lime.ts:21
posicaoNoRoteador,contexto,known-sink,Contexto,ts-prop,de,packages/core/src/fluxo/contexto.ts:53
posicaoNoRoteador,contexto,known-sink,Contexto,ts-prop,email,apps/ponte/src/rotas.ts:27
posicaoNoRoteador,contexto,known-sink,Contexto,ts-prop,encaminharParaAtendimento,packages/core/src/fluxo/contexto.ts:138
posicaoNoRoteador,contexto,known-sink,Contexto,ts-prop,end,packages/core/src/fluxo/modelos.ts:60
posicaoNoRoteador,contexto,known-sink,Contexto,ts-prop,entidades,packages/core/src/fluxo/contexto.ts:76
posicaoNoRoteador,contexto,known-sink,Contexto,ts-prop,entity,packages/core/src/fluxo/condicao.ts:44
posicaoNoRoteador,contexto,known-sink,Contexto,ts-prop,entradaContexto,packages/core/src/fluxo/contexto.ts:169
posicaoNoRoteador,contexto,known-sink,Contexto,ts-prop,entrada,packages/core/src/fluxo/contexto.ts:165
posicaoNoRoteador,contexto,known-sink,Contexto,ts-prop,enviar,packages/core/src/fluxo/contexto.ts:137
posicaoNoRoteador,contexto,known-sink,Contexto,ts-prop,error,packages/core/src/fluxo/modelos.ts:34
posicaoNoRoteador,contexto,known-sink,Contexto,ts-prop,executeAsynchronously,packages/core/src/fluxo/modelos.ts:22
posicaoNoRoteador,contexto,known-sink,Contexto,ts-prop,expiration,packages/core/src/fluxo/modelos.ts:42
posicaoNoRoteador,contexto,known-sink,Contexto,ts-prop,fluxo,packages/core/src/fluxo/contexto.ts:164
posicaoNoRoteador,contexto,known-sink,Contexto,ts-prop,fuso,apps/crm/src/componentes/lista-de-leads.tsx:73
posicaoNoRoteador,contexto,known-sink,Contexto,literal-value,get,apps/ponte/src/lime.ts:21
posicaoNoRoteador,contexto,known-sink,Contexto,ts-prop,id,apps/crm/src/lib/leads-visao.ts:71
posicaoNoRoteador,contexto,known-sink,Contexto,ts-prop,id,apps/ponte/src/lime.ts:20
posicaoNoRoteador,contexto,known-sink,Contexto,ts-prop,id,packages/core/src/fluxo/contexto.ts:50
posicaoNoRoteador,contexto,known-sink,Contexto,ts-prop,id,packages/core/src/fluxo/contexto.ts:58
posicaoNoRoteador,contexto,known-sink,Contexto,ts-prop,id,packages/core/src/fluxo/contexto.ts:65
posicaoNoRoteador,contexto,known-sink,Contexto,ts-prop,id,packages/core/src/fluxo/modelos.ts:15
posicaoNoRoteador,contexto,known-sink,Contexto,ts-prop,id,packages/core/src/fluxo/modelos.ts:58
posicaoNoRoteador,contexto,known-sink,Contexto,ts-prop,id,packages/core/src/fluxo/modelos.ts:85
posicaoNoRoteador,contexto,known-sink,Contexto,ts-prop,inputActions,packages/core/src/fluxo/modelos.ts:61
posicaoNoRoteador,contexto,known-sink,Contexto,ts-prop,inputActions,packages/core/src/fluxo/modelos.ts:90
posicaoNoRoteador,contexto,known-sink,Contexto,ts-prop,input,packages/core/src/fluxo/modelos.ts:62
posicaoNoRoteador,contexto,known-sink,Contexto,ts-prop,intencao,packages/core/src/fluxo/contexto.ts:75
posicaoNoRoteador,contexto,known-sink,Contexto,ts-prop,localCustomActions,packages/core/src/fluxo/modelos.ts:66
posicaoNoRoteador,contexto,known-sink,Contexto,ts-prop,mensagem,packages/core/src/fluxo/contexto.ts:72
posicaoNoRoteador,contexto,known-sink,Contexto,literal-value,merge,apps/ponte/src/lime.ts:21
posicaoNoRoteador,contexto,known-sink,Contexto,ts-prop,method,apps/ponte/src/lime.ts:21
posicaoNoRoteador,contexto,known-sink,Contexto,ts-prop,name,packages/core/src/fluxo/contexto.ts:59
posicaoNoRoteador,contexto,known-sink,Contexto,ts-prop,name,packages/core/src/fluxo/contexto.ts:66
posicaoNoRoteador,contexto,known-sink,Contexto,ts-prop,nome,apps/crm/src/lib/leads-visao.ts:72
posicaoNoRoteador,contexto,known-sink,Contexto,ts-prop,nome,apps/ponte/src/rotas.ts:28
posicaoNoRoteador,contexto,known-sink,Contexto,literal-value,observe,apps/ponte/src/lime.ts:21
posicaoNoRoteador,contexto,known-sink,Contexto,ts-prop,operator,packages/core/src/fluxo/condicao.ts:46
posicaoNoRoteador,contexto,known-sink,Contexto,ts-prop,order,packages/core/src/fluxo/modelos.ts:17
posicaoNoRoteador,contexto,known-sink,Contexto,ts-prop,order,packages/core/src/fluxo/modelos.ts:48
posicaoNoRoteador,contexto,known-sink,Contexto,ts-prop,outputActions,packages/core/src/fluxo/modelos.ts:63
posicaoNoRoteador,contexto,known-sink,Contexto,ts-prop,outputActions,packages/core/src/fluxo/modelos.ts:92
posicaoNoRoteador,contexto,known-sink,Contexto,ts-prop,outputs,packages/core/src/fluxo/modelos.ts:65
posicaoNoRoteador,contexto,known-sink,Contexto,ts-prop,para,packages/core/src/fluxo/contexto.ts:54
posicaoNoRoteador,contexto,known-sink,Contexto,ts-prop,proprietarios,apps/crm/src/componentes/lista-de-leads.tsx:75
posicaoNoRoteador,contexto,known-sink,Contexto,ts-prop,provedores,packages/core/src/fluxo/contexto.ts:173
posicaoNoRoteador,contexto,known-sink,Contexto,ts-prop,query,apps/ponte/src/rotas.ts:34
posicaoNoRoteador,contexto,known-sink,Contexto,ts-prop,redirecionar,packages/core/src/fluxo/contexto.ts:152
posicaoNoRoteador,contexto,known-sink,Contexto,ts-prop,regex,packages/core/src/fluxo/modelos.ts:32
posicaoNoRoteador,contexto,known-sink,Contexto,ts-prop,registrarEvento,packages/core/src/fluxo/contexto.ts:142
posicaoNoRoteador,contexto,known-sink,Contexto,ts-prop,resource,apps/ponte/src/lime.ts:25
posicaoNoRoteador,contexto,known-sink,Contexto,ts-prop,root,packages/core/src/fluxo/modelos.ts:59
posicaoNoRoteador,contexto,known-sink,Contexto,ts-prop,rule,packages/core/src/fluxo/modelos.ts:31
posicaoNoRoteador,contexto,known-sink,Contexto,ts-prop,score,packages/core/src/fluxo/contexto.ts:60
posicaoNoRoteador,contexto,known-sink,Contexto,ts-prop,servicos,packages/core/src/fluxo/contexto.ts:174
posicaoNoRoteador,contexto,known-sink,Contexto,ts-prop,sessao,apps/ponte/src/rotas.ts:32
posicaoNoRoteador,contexto,known-sink,Contexto,ts-prop,sessionState,packages/core/src/fluxo/modelos.ts:89
posicaoNoRoteador,contexto,known-sink,Contexto,literal-value,set,apps/ponte/src/lime.ts:21
posicaoNoRoteador,contexto,known-sink,Contexto,ts-prop,settings,packages/core/src/fluxo/modelos.ts:24
posicaoNoRoteador,contexto,known-sink,Contexto,ts-prop,source,packages/core/src/fluxo/condicao.ts:42
posicaoNoRoteador,contexto,known-sink,Contexto,ts-prop,stateId,packages/core/src/fluxo/modelos.ts:50
posicaoNoRoteador,contexto,known-sink,Contexto,ts-prop,states,packages/core/src/fluxo/modelos.ts:91
posicaoNoRoteador,contexto,known-sink,Contexto,literal-value,subscribe,apps/ponte/src/lime.ts:21
posicaoNoRoteador,contexto,known-sink,Contexto,ts-prop,suspenderHttp,packages/core/src/fluxo/contexto.ts:146
posicaoNoRoteador,contexto,known-sink,Contexto,ts-prop,tenantId,apps/ponte/src/rotas.ts:25
posicaoNoRoteador,contexto,known-sink,Contexto,ts-prop,timeout,packages/core/src/fluxo/modelos.ts:20
posicaoNoRoteador,contexto,known-sink,Contexto,ts-prop,tipo,packages/core/src/fluxo/contexto.ts:51
posicaoNoRoteador,contexto,known-sink,Contexto,ts-prop,to,apps/ponte/src/lime.ts:22
posicaoNoRoteador,contexto,known-sink,Contexto,ts-prop,type,apps/ponte/src/lime.ts:24
posicaoNoRoteador,contexto,known-sink,Contexto,ts-prop,type,packages/core/src/fluxo/modelos.ts:23
posicaoNoRoteador,contexto,known-sink,Contexto,ts-prop,type,packages/core/src/fluxo/modelos.ts:33
posicaoNoRoteador,contexto,known-sink,Contexto,ts-prop,type,packages/core/src/fluxo/modelos.ts:88
posicaoNoRoteador,contexto,known-sink,Contexto,literal-value,unsubscribe,apps/ponte/src/lime.ts:21
posicaoNoRoteador,contexto,known-sink,Contexto,ts-prop,uri,apps/ponte/src/lime.ts:23
posicaoNoRoteador,contexto,known-sink,Contexto,ts-prop,usuarioId,apps/ponte/src/rotas.ts:26
posicaoNoRoteador,contexto,known-sink,Contexto,ts-prop,usuario,packages/core/src/fluxo/contexto.ts:163
posicaoNoRoteador,contexto,known-sink,Contexto,ts-prop,validation,packages/core/src/fluxo/modelos.ts:41
posicaoNoRoteador,contexto,known-sink,Contexto,ts-prop,value,packages/core/src/fluxo/contexto.ts:67
posicaoNoRoteador,contexto,known-sink,Contexto,ts-prop,values,packages/core/src/fluxo/condicao.ts:47
posicaoNoRoteador,contexto,known-sink,Contexto,ts-prop,variable,packages/core/src/fluxo/condicao.ts:43
posicaoNoRoteador,contexto,known-sink,Contexto,ts-prop,variable,packages/core/src/fluxo/modelos.ts:43
posicaoNoRoteador,contexto,known-sink,Contexto,ts-prop,variaveis,packages/core/src/fluxo/contexto.ts:167
posicaoNoRoteador,contexto,known-sink,Contexto,ts-prop,version,packages/core/src/fluxo/modelos.ts:86
processHttpExecucao,contexto,known-sink,Contexto,ts-prop,$title,packages/core/src/fluxo/modelos.ts:16
processHttpExecucao,contexto,known-sink,Contexto,ts-prop,afterStateChangedActions,packages/core/src/fluxo/modelos.ts:64
processHttpExecucao,contexto,known-sink,Contexto,ts-prop,afterStateChangedActions,packages/core/src/fluxo/modelos.ts:93
processHttpExecucao,contexto,known-sink,Contexto,ts-prop,agora,apps/crm/src/componentes/lista-de-leads.tsx:74
processHttpExecucao,contexto,known-sink,Contexto,ts-prop,answer,packages/core/src/fluxo/contexto.ts:61
processHttpExecucao,contexto,known-sink,Contexto,ts-prop,bypass,packages/core/src/fluxo/modelos.ts:39
processHttpExecucao,contexto,known-sink,Contexto,ts-prop,caminho,apps/ponte/src/rotas.ts:33
processHttpExecucao,contexto,known-sink,Contexto,ts-prop,chamarHttp,packages/core/src/fluxo/contexto.ts:144
processHttpExecucao,contexto,known-sink,Contexto,ts-prop,cmd,apps/ponte/src/rotas.ts:35
processHttpExecucao,contexto,known-sink,Contexto,ts-prop,comparison,packages/core/src/fluxo/condicao.ts:45
processHttpExecucao,contexto,known-sink,Contexto,ts-prop,conditions,packages/core/src/fluxo/modelos.ts:18
processHttpExecucao,contexto,known-sink,Contexto,ts-prop,conditions,packages/core/src/fluxo/modelos.ts:40
processHttpExecucao,contexto,known-sink,Contexto,ts-prop,conditions,packages/core/src/fluxo/modelos.ts:49
processHttpExecucao,contexto,known-sink,Contexto,ts-prop,configuration,packages/core/src/fluxo/modelos.ts:94
processHttpExecucao,contexto,known-sink,Contexto,ts-prop,contato,packages/core/src/fluxo/contexto.ts:171
processHttpExecucao,contexto,known-sink,CursorDeProcessHttp,literal-value,conteudo,packages/core/src/fluxo/contexto.ts:126
processHttpExecucao,contexto,known-sink,Contexto,ts-prop,conteudo,packages/core/src/fluxo/contexto.ts:52
processHttpExecucao,contexto,known-sink,Contexto,ts-prop,conteudoSerializado,packages/core/src/fluxo/contexto.ts:74
processHttpExecucao,contexto,known-sink,Contexto,ts-prop,continueOnError,packages/core/src/fluxo/modelos.ts:21
processHttpExecucao,contexto,known-sink,CursorDeProcessHttp,ts-prop,corpo,packages/core/src/fluxo/contexto.ts:120
processHttpExecucao,contexto,known-sink,Contexto,literal-value,delete,apps/ponte/src/lime.ts:21
processHttpExecucao,contexto,known-sink,Contexto,ts-prop,de,packages/core/src/fluxo/contexto.ts:53
processHttpExecucao,contexto,known-sink,Contexto,ts-prop,email,apps/ponte/src/rotas.ts:27
processHttpExecucao,contexto,known-sink,Contexto,ts-prop,encaminharParaAtendimento,packages/core/src/fluxo/contexto.ts:138
processHttpExecucao,contexto,known-sink,Contexto,ts-prop,end,packages/core/src/fluxo/modelos.ts:60
processHttpExecucao,contexto,known-sink,Contexto,ts-prop,entidades,packages/core/src/fluxo/contexto.ts:76
processHttpExecucao,contexto,known-sink,Contexto,ts-prop,entity,packages/core/src/fluxo/condicao.ts:44
processHttpExecucao,contexto,known-sink,Contexto,ts-prop,entradaContexto,packages/core/src/fluxo/contexto.ts:169
processHttpExecucao,contexto,known-sink,CursorDeProcessHttp,literal-value,entrada,packages/core/src/fluxo/contexto.ts:126
processHttpExecucao,contexto,known-sink,Contexto,ts-prop,entrada,packages/core/src/fluxo/contexto.ts:165
processHttpExecucao,contexto,known-sink,Contexto,ts-prop,enviar,packages/core/src/fluxo/contexto.ts:137
processHttpExecucao,contexto,known-sink,Contexto,ts-prop,error,packages/core/src/fluxo/modelos.ts:34
processHttpExecucao,contexto,known-sink,CursorDeProcessHttp,ts-prop,estadoId,packages/core/src/fluxo/contexto.ts:127
processHttpExecucao,contexto,known-sink,Contexto,ts-prop,executeAsynchronously,packages/core/src/fluxo/modelos.ts:22
processHttpExecucao,contexto,known-sink,Contexto,ts-prop,expiration,packages/core/src/fluxo/modelos.ts:42
processHttpExecucao,contexto,known-sink,Contexto,ts-prop,fluxo,packages/core/src/fluxo/contexto.ts:164
processHttpExecucao,contexto,known-sink,Contexto,ts-prop,fuso,apps/crm/src/componentes/lista-de-leads.tsx:73
processHttpExecucao,contexto,known-sink,Contexto,literal-value,get,apps/ponte/src/lime.ts:21
processHttpExecucao,contexto,known-sink,Contexto,ts-prop,id,apps/crm/src/lib/leads-visao.ts:71
processHttpExecucao,contexto,known-sink,Contexto,ts-prop,id,apps/ponte/src/lime.ts:20
processHttpExecucao,contexto,known-sink,Contexto,ts-prop,id,packages/core/src/fluxo/contexto.ts:50
processHttpExecucao,contexto,known-sink,Contexto,ts-prop,id,packages/core/src/fluxo/contexto.ts:58
processHttpExecucao,contexto,known-sink,Contexto,ts-prop,id,packages/core/src/fluxo/contexto.ts:65
processHttpExecucao,contexto,known-sink,Contexto,ts-prop,id,packages/core/src/fluxo/modelos.ts:15
processHttpExecucao,contexto,known-sink,Contexto,ts-prop,id,packages/core/src/fluxo/modelos.ts:58
processHttpExecucao,contexto,known-sink,Contexto,ts-prop,id,packages/core/src/fluxo/modelos.ts:85
processHttpExecucao,contexto,known-sink,CursorDeProcessHttp,ts-prop,indice,packages/core/src/fluxo/contexto.ts:128
processHttpExecucao,contexto,known-sink,Contexto,ts-prop,inputActions,packages/core/src/fluxo/modelos.ts:61
processHttpExecucao,contexto,known-sink,Contexto,ts-prop,inputActions,packages/core/src/fluxo/modelos.ts:90
processHttpExecucao,contexto,known-sink,Contexto,ts-prop,input,packages/core/src/fluxo/modelos.ts:62
processHttpExecucao,contexto,known-sink,Contexto,ts-prop,intencao,packages/core/src/fluxo/contexto.ts:75
processHttpExecucao,contexto,known-sink,CursorDeProcessHttp,ts-prop,lista,packages/core/src/fluxo/contexto.ts:126
processHttpExecucao,contexto,known-sink,Contexto,ts-prop,localCustomActions,packages/core/src/fluxo/modelos.ts:66
processHttpExecucao,contexto,known-sink,Contexto,ts-prop,mensagem,packages/core/src/fluxo/contexto.ts:72
processHttpExecucao,contexto,known-sink,Contexto,literal-value,merge,apps/ponte/src/lime.ts:21
processHttpExecucao,contexto,known-sink,Contexto,ts-prop,method,apps/ponte/src/lime.ts:21
processHttpExecucao,contexto,known-sink,Contexto,ts-prop,name,packages/core/src/fluxo/contexto.ts:59
processHttpExecucao,contexto,known-sink,Contexto,ts-prop,name,packages/core/src/fluxo/contexto.ts:66
processHttpExecucao,contexto,known-sink,Contexto,ts-prop,nome,apps/crm/src/lib/leads-visao.ts:72
processHttpExecucao,contexto,known-sink,Contexto,ts-prop,nome,apps/ponte/src/rotas.ts:28
processHttpExecucao,contexto,known-sink,Contexto,literal-value,observe,apps/ponte/src/lime.ts:21
processHttpExecucao,contexto,known-sink,Contexto,ts-prop,operator,packages/core/src/fluxo/condicao.ts:46
processHttpExecucao,contexto,known-sink,Contexto,ts-prop,order,packages/core/src/fluxo/modelos.ts:17
processHttpExecucao,contexto,known-sink,Contexto,ts-prop,order,packages/core/src/fluxo/modelos.ts:48
processHttpExecucao,contexto,known-sink,Contexto,ts-prop,outputActions,packages/core/src/fluxo/modelos.ts:63
processHttpExecucao,contexto,known-sink,Contexto,ts-prop,outputActions,packages/core/src/fluxo/modelos.ts:92
processHttpExecucao,contexto,known-sink,Contexto,ts-prop,outputs,packages/core/src/fluxo/modelos.ts:65
processHttpExecucao,contexto,known-sink,Contexto,ts-prop,para,packages/core/src/fluxo/contexto.ts:54
processHttpExecucao,contexto,known-sink,Contexto,ts-prop,proprietarios,apps/crm/src/componentes/lista-de-leads.tsx:75
processHttpExecucao,contexto,known-sink,Contexto,ts-prop,provedores,packages/core/src/fluxo/contexto.ts:173
processHttpExecucao,contexto,known-sink,Contexto,ts-prop,query,apps/ponte/src/rotas.ts:34
processHttpExecucao,contexto,known-sink,Contexto,ts-prop,redirecionar,packages/core/src/fluxo/contexto.ts:152
processHttpExecucao,contexto,known-sink,Contexto,ts-prop,regex,packages/core/src/fluxo/modelos.ts:32
processHttpExecucao,contexto,known-sink,Contexto,ts-prop,registrarEvento,packages/core/src/fluxo/contexto.ts:142
processHttpExecucao,contexto,known-sink,Contexto,ts-prop,resource,apps/ponte/src/lime.ts:25
processHttpExecucao,contexto,known-sink,CursorDeProcessHttp,ts-prop,resposta,packages/core/src/fluxo/contexto.ts:129
processHttpExecucao,contexto,known-sink,Contexto,ts-prop,root,packages/core/src/fluxo/modelos.ts:59
processHttpExecucao,contexto,known-sink,Contexto,ts-prop,rule,packages/core/src/fluxo/modelos.ts:31
processHttpExecucao,contexto,known-sink,CursorDeProcessHttp,literal-value,saida,packages/core/src/fluxo/contexto.ts:126
processHttpExecucao,contexto,known-sink,Contexto,ts-prop,score,packages/core/src/fluxo/contexto.ts:60
processHttpExecucao,contexto,known-sink,Contexto,ts-prop,servicos,packages/core/src/fluxo/contexto.ts:174
processHttpExecucao,contexto,known-sink,Contexto,ts-prop,sessao,apps/ponte/src/rotas.ts:32
processHttpExecucao,contexto,known-sink,Contexto,ts-prop,sessionState,packages/core/src/fluxo/modelos.ts:89
processHttpExecucao,contexto,known-sink,Contexto,literal-value,set,apps/ponte/src/lime.ts:21
processHttpExecucao,contexto,known-sink,Contexto,ts-prop,settings,packages/core/src/fluxo/modelos.ts:24
processHttpExecucao,contexto,known-sink,Contexto,ts-prop,source,packages/core/src/fluxo/condicao.ts:42
processHttpExecucao,contexto,known-sink,Contexto,ts-prop,stateId,packages/core/src/fluxo/modelos.ts:50
processHttpExecucao,contexto,known-sink,Contexto,ts-prop,states,packages/core/src/fluxo/modelos.ts:91
processHttpExecucao,contexto,known-sink,CursorDeProcessHttp,ts-prop,status,packages/core/src/fluxo/contexto.ts:119
processHttpExecucao,contexto,known-sink,Contexto,literal-value,subscribe,apps/ponte/src/lime.ts:21
processHttpExecucao,contexto,known-sink,Contexto,ts-prop,suspenderHttp,packages/core/src/fluxo/contexto.ts:146
processHttpExecucao,contexto,known-sink,Contexto,ts-prop,tenantId,apps/ponte/src/rotas.ts:25
processHttpExecucao,contexto,known-sink,Contexto,ts-prop,timeout,packages/core/src/fluxo/modelos.ts:20
processHttpExecucao,contexto,known-sink,Contexto,ts-prop,tipo,packages/core/src/fluxo/contexto.ts:51
processHttpExecucao,contexto,known-sink,Contexto,ts-prop,to,apps/ponte/src/lime.ts:22
processHttpExecucao,contexto,known-sink,Contexto,ts-prop,type,apps/ponte/src/lime.ts:24
processHttpExecucao,contexto,known-sink,Contexto,ts-prop,type,packages/core/src/fluxo/modelos.ts:23
processHttpExecucao,contexto,known-sink,Contexto,ts-prop,type,packages/core/src/fluxo/modelos.ts:33
processHttpExecucao,contexto,known-sink,Contexto,ts-prop,type,packages/core/src/fluxo/modelos.ts:88
processHttpExecucao,contexto,known-sink,Contexto,literal-value,unsubscribe,apps/ponte/src/lime.ts:21
processHttpExecucao,contexto,known-sink,Contexto,ts-prop,uri,apps/ponte/src/lime.ts:23
processHttpExecucao,contexto,known-sink,Contexto,ts-prop,usuarioId,apps/ponte/src/rotas.ts:26
processHttpExecucao,contexto,known-sink,Contexto,ts-prop,usuario,packages/core/src/fluxo/contexto.ts:163
processHttpExecucao,contexto,known-sink,Contexto,ts-prop,validation,packages/core/src/fluxo/modelos.ts:41
processHttpExecucao,contexto,known-sink,Contexto,ts-prop,value,packages/core/src/fluxo/contexto.ts:67
processHttpExecucao,contexto,known-sink,Contexto,ts-prop,values,packages/core/src/fluxo/condicao.ts:47
processHttpExecucao,contexto,known-sink,Contexto,ts-prop,variable,packages/core/src/fluxo/condicao.ts:43
processHttpExecucao,contexto,known-sink,Contexto,ts-prop,variable,packages/core/src/fluxo/modelos.ts:43
processHttpExecucao,contexto,known-sink,Contexto,ts-prop,variaveis,packages/core/src/fluxo/contexto.ts:167
processHttpExecucao,contexto,known-sink,Contexto,ts-prop,version,packages/core/src/fluxo/modelos.ts:86
processHttpExecucao,entrada,known-sink,MensagemDeEntrada,ts-prop,conteudo,packages/core/src/fluxo/contexto.ts:52
processHttpExecucao,entrada,known-sink,MensagemDeEntrada,ts-prop,de,packages/core/src/fluxo/contexto.ts:53
processHttpExecucao,entrada,known-sink,MensagemDeEntrada,ts-prop,id,packages/core/src/fluxo/contexto.ts:50
processHttpExecucao,entrada,known-sink,MensagemDeEntrada,ts-prop,para,packages/core/src/fluxo/contexto.ts:54
processHttpExecucao,entrada,known-sink,MensagemDeEntrada,ts-prop,tipo,packages/core/src/fluxo/contexto.ts:51
processHttpExecucao,pedido,known-sink,PedidoDeHttp,ts-prop,cabecalhos,packages/core/src/fluxo/contexto.ts:113
processHttpExecucao,pedido,known-sink,PedidoDeHttp,ts-prop,corpo,packages/core/src/fluxo/contexto.ts:114
processHttpExecucao,pedido,known-sink,PedidoDeHttp,literal-value,DELETE,packages/core/src/fluxo/contexto.ts:111
processHttpExecucao,pedido,known-sink,PedidoDeHttp,literal-value,GET,packages/core/src/fluxo/contexto.ts:111
processHttpExecucao,pedido,known-sink,PedidoDeHttp,ts-prop,metodo,packages/core/src/fluxo/contexto.ts:111
processHttpExecucao,pedido,known-sink,PedidoDeHttp,literal-value,PATCH,packages/core/src/fluxo/contexto.ts:111
processHttpExecucao,pedido,known-sink,PedidoDeHttp,literal-value,POST,packages/core/src/fluxo/contexto.ts:111
processHttpExecucao,pedido,known-sink,PedidoDeHttp,literal-value,PUT,packages/core/src/fluxo/contexto.ts:111
processHttpExecucao,pedido,known-sink,PedidoDeHttp,ts-prop,timeoutMs,packages/core/src/fluxo/contexto.ts:115
processHttpExecucao,pedido,known-sink,PedidoDeHttp,ts-prop,url,packages/core/src/fluxo/contexto.ts:112
processHttpExecucao,resposta,known-sink,RespostaDeHttp,ts-prop,corpo,packages/core/src/fluxo/contexto.ts:120
processHttpExecucao,resposta,known-sink,RespostaDeHttp,ts-prop,status,packages/core/src/fluxo/contexto.ts:119
regraPrioridade,condicao,read-cast,Expressao,ts-prop,campo,packages/core/src/score/motor.ts:31
regraPrioridade,condicao,read-cast,Expressao,ts-prop,combinador,packages/core/src/score/motor.ts:37
regraPrioridade,condicao,read-cast,Expressao,ts-prop,condicoes,packages/core/src/score/motor.ts:38
regraPrioridade,condicao,read-cast,Expressao,literal-value,contem,packages/core/src/score/motor.ts:32
regraPrioridade,condicao,read-cast,Expressao,literal-value,diferente,packages/core/src/score/motor.ts:32
regraPrioridade,condicao,read-cast,Expressao,literal-value,em,packages/core/src/score/motor.ts:32
regraPrioridade,condicao,read-cast,Expressao,literal-value,e,packages/core/src/score/motor.ts:37
regraPrioridade,condicao,read-cast,Expressao,literal-value,existe,packages/core/src/score/motor.ts:32
regraPrioridade,condicao,read-cast,Expressao,literal-value,igual,packages/core/src/score/motor.ts:32
regraPrioridade,condicao,read-cast,Expressao,literal-value,maior_igual,packages/core/src/score/motor.ts:32
regraPrioridade,condicao,read-cast,Expressao,literal-value,maior,packages/core/src/score/motor.ts:32
regraPrioridade,condicao,read-cast,Expressao,literal-value,menor_igual,packages/core/src/score/motor.ts:32
regraPrioridade,condicao,read-cast,Expressao,literal-value,menor,packages/core/src/score/motor.ts:32
regraPrioridade,condicao,read-cast,Expressao,literal-value,nao_contem,packages/core/src/score/motor.ts:32
regraPrioridade,condicao,read-cast,Expressao,literal-value,nao_em,packages/core/src/score/motor.ts:32
regraPrioridade,condicao,read-cast,Expressao,literal-value,nao_existe,packages/core/src/score/motor.ts:32
regraPrioridade,condicao,read-cast,Expressao,ts-prop,operador,packages/core/src/score/motor.ts:32
regraPrioridade,condicao,read-cast,Expressao,literal-value,ou,packages/core/src/score/motor.ts:37
regraPrioridade,condicao,read-cast,Expressao,ts-prop,valor,packages/core/src/score/motor.ts:33
regraScore,condicao,read-cast,Expressao,ts-prop,campo,packages/core/src/score/motor.ts:31
regraScore,condicao,read-cast,Expressao,ts-prop,combinador,packages/core/src/score/motor.ts:37
regraScore,condicao,read-cast,Expressao,ts-prop,condicoes,packages/core/src/score/motor.ts:38
regraScore,condicao,read-cast,Expressao,literal-value,contem,packages/core/src/score/motor.ts:32
regraScore,condicao,read-cast,Expressao,literal-value,diferente,packages/core/src/score/motor.ts:32
regraScore,condicao,read-cast,Expressao,literal-value,em,packages/core/src/score/motor.ts:32
regraScore,condicao,read-cast,Expressao,literal-value,e,packages/core/src/score/motor.ts:37
regraScore,condicao,read-cast,Expressao,literal-value,existe,packages/core/src/score/motor.ts:32
regraScore,condicao,read-cast,Expressao,literal-value,igual,packages/core/src/score/motor.ts:32
regraScore,condicao,read-cast,Expressao,literal-value,maior_igual,packages/core/src/score/motor.ts:32
regraScore,condicao,read-cast,Expressao,literal-value,maior,packages/core/src/score/motor.ts:32
regraScore,condicao,read-cast,Expressao,literal-value,menor_igual,packages/core/src/score/motor.ts:32
regraScore,condicao,read-cast,Expressao,literal-value,menor,packages/core/src/score/motor.ts:32
regraScore,condicao,read-cast,Expressao,literal-value,nao_contem,packages/core/src/score/motor.ts:32
regraScore,condicao,read-cast,Expressao,literal-value,nao_em,packages/core/src/score/motor.ts:32
regraScore,condicao,read-cast,Expressao,literal-value,nao_existe,packages/core/src/score/motor.ts:32
regraScore,condicao,read-cast,Expressao,ts-prop,operador,packages/core/src/score/motor.ts:32
regraScore,condicao,read-cast,Expressao,literal-value,ou,packages/core/src/score/motor.ts:37
regraScore,condicao,read-cast,Expressao,ts-prop,valor,packages/core/src/score/motor.ts:33
templateMensagem,variaveis,read-cast,Array,ts-prop,[Symbol.iterator],/node_modules/typescript/lib/lib.es2015.iterable.d.ts:2
templateMensagem,variaveis,read-cast,Array,ts-prop,[Symbol.unscopables],/node_modules/typescript/lib/lib.es2015.symbol.wellknown.d.ts:2
templateMensagem,variaveis,read-cast,Array,ts-prop,at,/node_modules/typescript/lib/lib.es2022.array.d.ts:1
templateMensagem,variaveis,read-cast,Array,ts-prop,concat,/node_modules/typescript/lib/lib.es5.d.ts:3
templateMensagem,variaveis,read-cast,Array,ts-prop,copyWithin,/node_modules/typescript/lib/lib.es2015.core.d.ts:1
templateMensagem,variaveis,read-cast,Array,ts-prop,entries,/node_modules/typescript/lib/lib.es2015.iterable.d.ts:2
templateMensagem,variaveis,read-cast,Array,ts-prop,every,/node_modules/typescript/lib/lib.es5.d.ts:3
templateMensagem,variaveis,read-cast,Array,ts-prop,fill,/node_modules/typescript/lib/lib.es2015.core.d.ts:1
templateMensagem,variaveis,read-cast,Array,ts-prop,filter,/node_modules/typescript/lib/lib.es5.d.ts:3
templateMensagem,variaveis,read-cast,Array,ts-prop,find,/node_modules/typescript/lib/lib.es2015.core.d.ts:1
templateMensagem,variaveis,read-cast,Array,ts-prop,findIndex,/node_modules/typescript/lib/lib.es2015.core.d.ts:1
templateMensagem,variaveis,read-cast,Array,ts-prop,flat,/node_modules/typescript/lib/lib.es2019.array.d.ts:1
templateMensagem,variaveis,read-cast,Array,ts-prop,flatMap,/node_modules/typescript/lib/lib.es2019.array.d.ts:1
templateMensagem,variaveis,read-cast,Array,ts-prop,forEach,/node_modules/typescript/lib/lib.es5.d.ts:3
templateMensagem,variaveis,read-cast,Array,ts-prop,includes,/node_modules/typescript/lib/lib.es2016.array.include.d.ts:1
templateMensagem,variaveis,read-cast,Array,ts-prop,indexOf,/node_modules/typescript/lib/lib.es5.d.ts:3
templateMensagem,variaveis,read-cast,Array,ts-prop,join,/node_modules/typescript/lib/lib.es5.d.ts:3
templateMensagem,variaveis,read-cast,Array,ts-prop,keys,/node_modules/typescript/lib/lib.es2015.iterable.d.ts:2
templateMensagem,variaveis,read-cast,Array,ts-prop,lastIndexOf,/node_modules/typescript/lib/lib.es5.d.ts:3
templateMensagem,variaveis,read-cast,Array,ts-prop,length,/node_modules/typescript/lib/lib.es5.d.ts:3
templateMensagem,variaveis,read-cast,Array,ts-prop,map,/node_modules/typescript/lib/lib.es5.d.ts:3
templateMensagem,variaveis,read-cast,Array,ts-prop,pop,/node_modules/typescript/lib/lib.es5.d.ts:3
templateMensagem,variaveis,read-cast,Array,ts-prop,push,/node_modules/typescript/lib/lib.es5.d.ts:3
templateMensagem,variaveis,read-cast,Array,ts-prop,reduce,/node_modules/typescript/lib/lib.es5.d.ts:3
templateMensagem,variaveis,read-cast,Array,ts-prop,reduceRight,/node_modules/typescript/lib/lib.es5.d.ts:3
templateMensagem,variaveis,read-cast,Array,ts-prop,reverse,/node_modules/typescript/lib/lib.es5.d.ts:3
templateMensagem,variaveis,read-cast,Array,ts-prop,shift,/node_modules/typescript/lib/lib.es5.d.ts:3
templateMensagem,variaveis,read-cast,Array,ts-prop,slice,/node_modules/typescript/lib/lib.es5.d.ts:3
templateMensagem,variaveis,read-cast,Array,ts-prop,some,/node_modules/typescript/lib/lib.es5.d.ts:3
templateMensagem,variaveis,read-cast,Array,ts-prop,sort,/node_modules/typescript/lib/lib.es5.d.ts:3
templateMensagem,variaveis,read-cast,Array,ts-prop,splice,/node_modules/typescript/lib/lib.es5.d.ts:3
templateMensagem,variaveis,read-cast,Array,ts-prop,toLocaleString,/node_modules/typescript/lib/lib.es2015.core.d.ts:1
templateMensagem,variaveis,read-cast,Array,ts-prop,toLocaleString,/node_modules/typescript/lib/lib.es5.d.ts:3
templateMensagem,variaveis,read-cast,Array,ts-prop,toString,/node_modules/typescript/lib/lib.es5.d.ts:3
templateMensagem,variaveis,read-cast,Array,ts-prop,unshift,/node_modules/typescript/lib/lib.es5.d.ts:3
templateMensagem,variaveis,read-cast,Array,ts-prop,values,/node_modules/typescript/lib/lib.es2015.iterable.d.ts:2
transicao,condicao,read-cast,Expressao,ts-prop,campo,packages/core/src/score/motor.ts:31
transicao,condicao,read-cast,Expressao,ts-prop,combinador,packages/core/src/score/motor.ts:37
transicao,condicao,read-cast,Expressao,ts-prop,condicoes,packages/core/src/score/motor.ts:38
transicao,condicao,read-cast,Expressao,literal-value,contem,packages/core/src/score/motor.ts:32
transicao,condicao,read-cast,Expressao,literal-value,diferente,packages/core/src/score/motor.ts:32
transicao,condicao,read-cast,Expressao,literal-value,em,packages/core/src/score/motor.ts:32
transicao,condicao,read-cast,Expressao,literal-value,e,packages/core/src/score/motor.ts:37
transicao,condicao,read-cast,Expressao,literal-value,existe,packages/core/src/score/motor.ts:32
transicao,condicao,read-cast,Expressao,literal-value,igual,packages/core/src/score/motor.ts:32
transicao,condicao,read-cast,Expressao,literal-value,maior_igual,packages/core/src/score/motor.ts:32
transicao,condicao,read-cast,Expressao,literal-value,maior,packages/core/src/score/motor.ts:32
transicao,condicao,read-cast,Expressao,literal-value,menor_igual,packages/core/src/score/motor.ts:32
transicao,condicao,read-cast,Expressao,literal-value,menor,packages/core/src/score/motor.ts:32
transicao,condicao,read-cast,Expressao,literal-value,nao_contem,packages/core/src/score/motor.ts:32
transicao,condicao,read-cast,Expressao,literal-value,nao_em,packages/core/src/score/motor.ts:32
transicao,condicao,read-cast,Expressao,literal-value,nao_existe,packages/core/src/score/motor.ts:32
transicao,condicao,read-cast,Expressao,ts-prop,operador,packages/core/src/score/motor.ts:32
transicao,condicao,read-cast,Expressao,literal-value,ou,packages/core/src/score/motor.ts:37
transicao,condicao,read-cast,Expressao,ts-prop,valor,packages/core/src/score/motor.ts:33
webhookSaida,cabecalhos,read-cast,"import(""C:/Users/anderson.linhares/pipe-wt/01-08/apps/api/src/webhooks-saida"").CabecalhoCustomizado[] | null",ts-prop,chave,apps/api/src/webhooks-saida.ts:71
webhookSaida,cabecalhos,read-cast,"import(""C:/Users/anderson.linhares/pipe-wt/01-08/apps/api/src/webhooks-saida"").CabecalhoCustomizado[] | null",ts-prop,valor,apps/api/src/webhooks-saida.ts:72
