file,raw,reason,resolve_by
apps/api/src/eventos-ws.ts,/v1/eventos,Upgrade WebSocket não aparece nos decorators HTTP do Nest,01-18
apps/api/tests/key-of-flow.test.ts,/v1/management/flows/:fluxoId/links-tracked/:linkId,Fixture negativa usa rota por link inexistente para provar recusa da chave,01-18
apps/api/tests/realtime.test.ts,"${api.url.replace('http://', 'ws://')}/v1/outra-coisa",Teste negativo de upgrade WebSocket fora do endpoint aceito,01-18
apps/api/tests/realtime.test.ts,"${api.url.replace('http://', 'ws://')}/v1/eventos",Upgrade WebSocket não aparece nos decorators HTTP do Nest,01-18
packages/authentication/tests/oidc.test.ts,${EMISSOR}/oauth2/v1/authorize,Endpoint externo do emissor OIDC da fixture,01-18
packages/authentication/tests/oidc.test.ts,${EMISSOR}/oauth2/v1/token,Endpoint externo do emissor OIDC da fixture,01-18
packages/authentication/tests/oidc.test.ts,${EMISSOR}/oauth2/v1/keys,Endpoint externo do emissor OIDC da fixture,01-18
packages/realtime/src/index.ts,"${urlApi.replace(/\/$/, '').replace(/^http/, 'ws')}/v1/eventos",Upgrade WebSocket não aparece nos decorators HTTP do Nest,01-18
packages/realtime/tests/realtime.test.ts,ws://localhost:3000/v1/eventos,URL WebSocket unitária sem decorator HTTP,01-18
packages/realtime/tests/realtime.test.ts,wss://api.usepipe.com.br/v1/eventos,URL WebSocket unitária sem decorator HTTP,01-18
apps/management-vite/src/lib/shell.ts,/entrar,Resíduo PT do STD-11 (rota real é /login) — não é endereço D-52; fora do escopo de arquivos do 01-45,D-53
apps/management-vite/src/pages/operation/history.tsx,/termo-de-responsabilidade,Link morto pré-existente sem relação com D-52; fora do escopo de arquivos do 01-45,TBD
