endpoint,method,response_source,keys_affected,decision,decision_ref,notes
/v1/canais/instagram/:id,DELETE,mapped,canal fields (CanalInstagramVisivel),rename-with-db-key,D-09,desconectarInstagram mapped; controladores/canais-instagram.ts:48-57 | evidence: apps/api/src/controladores/canais-instagram.ts:48
/v1/canais/messenger/:id,DELETE,mapped,canal fields,rename-with-db-key,D-09,controladores/canais-messenger.ts:8 | evidence: apps/api/src/controladores/canais-messenger.ts:8
/v1/canais/whatsapp/:id/modelos/:nome,DELETE,mapped,removidos,rename-with-db-key,D-09,controladores/canais.ts:250-260 | evidence: apps/api/src/controladores/canais.ts:250
/v1/canais/whatsapp/:id,DELETE,mapped,canal fields (CanalWhatsAppVisivel),rename-with-db-key,D-09,dominio/canais.ts desconectarWhatsApp | evidence: apps/api/src/controladores/canais.ts:263
/v1/contatos/:id/etiquetas/:etiquetaId,DELETE,mapped,removida,rename-with-db-key,D-45,"D-45 owner decision: renamed (was keep, API-key endpoint; no real customers, D-43). API-key endpoint; desetiquetarContato mapped, dominio/etiquetas.ts:279-301 | evidence: apps/api/src/controladores/etiquetas.ts:125"
/v1/conversas/:id/etiquetas/:etiquetaId,DELETE,mapped,removida,rename-with-db-key,D-45,"D-45 owner decision: renamed (was keep, API-key endpoint; no real customers, D-43). API-key endpoint; desetiquetarConversa mapped, dominio/etiquetas.ts:169-204 | evidence: apps/api/src/controladores/etiquetas.ts:80"
/v1/gestao/atendentes/filas/:id/atendentes/:atendenteId,DELETE,none,,keep,D-09,204 no body; controladores/gestao-cadastros.ts:230 | evidence: apps/api/src/controladores/gestao-cadastros.ts:230
/v1/gestao/atendentes/filas/:id,DELETE,none,,keep,D-09,204 no body; controladores/gestao-cadastros.ts:196 | evidence: apps/api/src/controladores/gestao-cadastros.ts:196
/v1/gestao/atendentes/pausas/:id,DELETE,none,,keep,D-09,204 no body; controladores/gestao-cadastros.ts:561 | evidence: apps/api/src/controladores/gestao-cadastros.ts:561
/v1/gestao/comunicacao/respostas-prontas/:id,DELETE,none,,keep,D-09,204 no body; controladores/gestao-cadastros.ts:519 | evidence: apps/api/src/controladores/gestao-cadastros.ts:519
/v1/gestao/configuracoes/palavras-proibidas/:id,DELETE,none,,keep,D-09,204 no body; controladores/gestao-cadastros.ts:401 | evidence: apps/api/src/controladores/gestao-cadastros.ts:401
/v1/gestao/configuracoes/regras/:id,DELETE,none,,keep,D-09,204 no body; controladores/gestao-cadastros.ts:353 | evidence: apps/api/src/controladores/gestao-cadastros.ts:353
/v1/gestao/contrato/certificados/:id/hosts/:hostId,DELETE,mapped,(see dominio/gestao/*.ts explicit .select({...}) column list for this handler),rename-with-db-key,D-09,"gestao/* cluster confirmed via grep: every dominio/gestao/*.ts file except dicionario-crm.ts uses explicit tx.select({...}) column lists, never bare .select() - default mapped/rename-with-db-key; ComSessao-only (no API key scope) | evidence: apps/api/src/controladores/gestao-conta.ts:221"
/v1/gestao/contrato/certificados/:id,DELETE,mapped,(see dominio/gestao/*.ts explicit .select({...}) column list for this handler),rename-with-db-key,D-09,"gestao/* cluster confirmed via grep: every dominio/gestao/*.ts file except dicionario-crm.ts uses explicit tx.select({...}) column lists, never bare .select() - default mapped/rename-with-db-key; ComSessao-only (no API key scope) | evidence: apps/api/src/controladores/gestao-conta.ts:203"
/v1/gestao/fluxos/:id/canal,DELETE,none,,keep,D-09,204 no body; controladores/gestao-fluxo.ts:287 | evidence: apps/api/src/controladores/gestao-fluxo.ts:287
/v1/gestao/fluxos/:id/chaves/:chaveId,DELETE,none,,keep,D-09,204 no body; controladores/gestao-integracoes.ts:98 | evidence: apps/api/src/controladores/gestao-integracoes.ts:98
/v1/gestao/fluxos/:id/equipe/:usuarioId,DELETE,none,,keep,D-09,204 no body; controladores/gestao-equipe.ts:106 | evidence: apps/api/src/controladores/gestao-equipe.ts:106
/v1/gestao/fluxos/:id/servicos/:servicoId,DELETE,none,,keep,D-09,204 no body; controladores/gestao-fluxo.ts:482 | evidence: apps/api/src/controladores/gestao-fluxo.ts:482
/v1/gestao/fluxos/:id,DELETE,none,,keep,D-09,204 no body; controladores/gestao-fluxo.ts:201 | evidence: apps/api/src/controladores/gestao-fluxo.ts:201
/v1/gestao/regras/atendimento/:id,DELETE,none,,keep,D-09,204 no body; controladores/gestao-cadastros.ts:262 | evidence: apps/api/src/controladores/gestao-cadastros.ts:262
/v1/gestao/regras/horarios/excecoes/:id,DELETE,none,,keep,D-09,204 no body; controladores/gestao-cadastros.ts:314 | evidence: apps/api/src/controladores/gestao-cadastros.ts:314
/v1/gestao/regras/horarios/faixas/:id,DELETE,none,,keep,D-09,204 no body; controladores/gestao-cadastros.ts:289 | evidence: apps/api/src/controladores/gestao-cadastros.ts:289
/v1/gestao/regras/prioridade/:id,DELETE,none,,keep,D-09,204 no body | evidence: apps/api/src/controladores/gestao-cadastros.ts:443
/v1/gestao/webhooks/:webhookId,DELETE,none,,keep,D-09,204 no body | evidence: apps/api/src/controladores/gestao-integracoes.ts:197
/l/:codigo,GET,none,,keep,D-09,"302 redirect, no body; controladores/redirecionamento.ts:14-28 | evidence: apps/api/src/controladores/redirecionamento.ts:14"
/metrics,GET,none,,keep,D-09,"Prometheus text exposition format, not JSON; controladores/operacao.ts:62-69 | evidence: apps/api/src/controladores/operacao.ts:62"
/saude,GET,mapped,ok,keep,D-09,"consumed by the orchestrator health probe (external to this repo), controladores/operacao.ts:53-60 | evidence: apps/api/src/controladores/operacao.ts:53"
/v1/anexos/:id,GET,none,,keep,D-09,"Binary stream via res.end, no JSON body; controladores/anexos.ts:60-96 | evidence: apps/api/src/controladores/anexos.ts:60"
/v1/atendentes,GET,mapped,id;nome;email;estado;desde;conversas_ativas,rename-with-db-key,D-45,"D-45 owner decision: renamed (was keep, API-key endpoint; no real customers, D-43). API-key endpoint (Escopos atendentes:ler); controladores/catalogo.ts:418-429 | evidence: apps/api/src/controladores/catalogo.ts:367"
/v1/auth/dev,GET,none,,keep,D-09,"dev-only redirect/plain-text 404, no stable JSON; controladores/entrar.ts:228-258 | evidence: apps/api/src/controladores/entrar.ts:228"
/v1/auth/google/retorno,GET,none,,keep,D-09,"D-12 corte seco route rename only; redirect, no JSON; controladores/entrar.ts:289-347 | evidence: apps/api/src/controladores/entrar.ts:289"
/v1/auth/google,GET,none,,keep,D-09,redirect to Google OAuth; controladores/entrar.ts:267-286 | evidence: apps/api/src/controladores/entrar.ts:267
/v1/auth/sso/:slug,GET,none,,keep,D-09,302 redirect; controladores/sso.ts:209-230 | evidence: apps/api/src/controladores/sso.ts:209
/v1/auth/sso/retorno,GET,mapped,resultado;emissor;sujeito;email;emailVerificado;nome;casaComUsuario;aviso;codigo;motivo,rename-with-db-key,D-09,"test-mode branch returns real JSON (res.json), controladores/sso.ts:161-198; login branch is a 302 redirect (none) | evidence: apps/api/src/controladores/sso.ts:136"
/v1/auth/sso/testar,GET,none,,keep,D-09,sets cookie + 302 redirect; controladores/sso.ts:113-127 | evidence: apps/api/src/controladores/sso.ts:113
/v1/canais/instagram,GET,mapped,canais,rename-with-db-key,D-09,listarCanaisInstagram mapped via visivel(); controladores/canais-instagram.ts:20-24 | evidence: apps/api/src/controladores/canais-instagram.ts:18
/v1/canais/messenger,GET,mapped,canais,rename-with-db-key,D-09,listarCanaisMessenger mapped; controladores/canais-messenger.ts:6 | evidence: apps/api/src/controladores/canais-messenger.ts:6
/v1/canais/whatsapp/:id/perfil,GET,mapped,PerfilVisivel fields,rename-with-db-key,D-09,dominio/whatsapp/perfil.ts lerPerfilDoCanal | evidence: apps/api/src/controladores/canais.ts:178
/v1/canais/whatsapp/:id/preferencias,GET,mapped,PreferenciasDoCanal fields,rename-with-db-key,D-09,dominio/whatsapp/preferencias.ts lerPreferencias | evidence: apps/api/src/controladores/canais.ts:199
/v1/canais/whatsapp,GET,mapped,canais,rename-with-db-key,D-09,"listarCanaisWhatsApp -> visivel() mapper, dominio/canais.ts:40-113; controladores/canais.ts:46-49 | evidence: apps/api/src/controladores/canais.ts:44"
/v1/conta,GET,mapped,ContaEmVigor fields (paraContrato),rename-with-db-key,D-09,controladores/minha-conta.ts:181-195 | evidence: apps/api/src/controladores/minha-conta.ts:179
/v1/contas/minhas,GET,mapped,tenantId;nome;slug;plano;emVigor;onboardingConcluido;pessoal,rename-with-db-key,D-09,controladores/minha-conta.ts:261-293 | evidence: apps/api/src/controladores/minha-conta.ts:259
/v1/contatos/:id/etiquetas,GET,raw-rows,id;nome;cor,rename-with-db-key,D-45,"D-45 owner decision: renamed (was keep, API-key endpoint; no real customers, D-43). API-key endpoint (ChaveOuSessao); listarEtiquetasDoContato returns rows unmapped, dominio/etiquetas.ts:214-227 | evidence: apps/api/src/controladores/etiquetas.ts:100"
/v1/contatos/:id,GET,mapped,id;nome;telefone_e164;email;documento;bloqueado;criado_em;atributos,rename-with-db-key,D-45,"D-45 owner decision: renamed (was keep, API-key endpoint; no real customers, D-43). API-key endpoint (contatos:ler); comoContato, controladores/catalogo.ts:106-122 | evidence: apps/api/src/controladores/catalogo.ts:106"
/v1/contatos/importacoes/:id/falhas,GET,none,,keep,D-09,"CSV text stream via res.send, not JSON; controladores/importacoes.ts:65-79 | evidence: apps/api/src/controladores/importacoes.ts:65"
/v1/contatos/importacoes/:id,GET,mapped,ImportacaoVisivel fields,rename-with-db-key,D-09,controladores/importacoes.ts:55-62 | evidence: apps/api/src/controladores/importacoes.ts:53
/v1/contatos/importacoes,GET,mapped,importacoes,rename-with-db-key,D-09,controladores/importacoes.ts:47-51 | evidence: apps/api/src/controladores/importacoes.ts:45
/v1/contatos,GET,mapped,id;nome;telefone_e164;email;documento;bloqueado;criado_em;atributos,rename-with-db-key,D-45,"D-45 owner decision: renamed (was keep, API-key endpoint; no real customers, D-43). API-key endpoint (contatos:ler); comoContato explicit mapper, controladores/catalogo.ts:99-103,433-444; atributos is jsonb contato.atributos passthrough | evidence: apps/api/src/controladores/catalogo.ts:67"
/v1/conversas/:id/mensagens,GET,mapped,id;criada_em;direcao;autor_tipo;autor_id;tipo;conteudo;estado_entrega;erro_codigo;erro_texto;id_provedor;entregue_em;lida_em;dentro_da_janela;categoria_cobranca,rename-with-db-key,D-45,"D-45 owner decision: renamed (was keep, API-key endpoint; no real customers, D-43). API-key endpoint (mensagens:ler); comoMensagem, controladores/conversas.ts:164-215,447-465 | evidence: apps/api/src/controladores/conversas.ts:164"
/v1/conversas/:id,GET,mapped,id;estado;prioridade;criada_em;atribuida_em;primeira_resposta_em;encerrada_em;ultima_mensagem_em;ultima_mensagem_de;janela_expira_em;canal_tipo;fila;atendente;contato,rename-with-db-key,D-45,"D-45 owner decision: renamed (was keep, API-key endpoint; no real customers, D-43). API-key endpoint (conversas:ler); controladores/conversas.ts:139-162 | evidence: apps/api/src/controladores/conversas.ts:139"
/v1/conversas,GET,mapped,id;estado;prioridade;criada_em;atribuida_em;primeira_resposta_em;encerrada_em;ultima_mensagem_em;ultima_mensagem_de;janela_expira_em;canal_tipo;fila;atendente;contato,rename-with-db-key,D-45,"D-45 owner decision: renamed (was keep, API-key endpoint; no real customers, D-43). API-key endpoint (conversas:ler); comoConversa explicit mapper, controladores/conversas.ts:85-137,424-445 | evidence: apps/api/src/controladores/conversas.ts:85"
/v1/convites/:token,GET,mapped,email;papel;tenant;expiraEm,rename-with-db-key,D-09,"public token link, internal Pipe flow only, no external system depends on this JSON shape; controladores/convites.ts:83-91 | evidence: apps/api/src/controladores/convites.ts:82"
/v1/crm/contato/:contatoId,GET,mapped,ficha.nome;ficha.email;ficha.empresa;ficha.link,rename-with-db-key,D-09,"own literal mapper, not Twenty field names; controladores/crm.ts:63-107 | evidence: apps/api/src/controladores/crm.ts:63"
/v1/crm/dicionario,GET,raw-rows,defaultValue;options;settings;relation;morphRelations,persisted,D-09,"dominio/dicionario-crm.ts:399-416 spreads tx.select().from(dicionarioObjeto/dicionarioCampo) with no column list (bare .select()) - the only bare-select raw-Drizzle-row endpoint found in the API; defaultValue/options/settings/relation/morphRelations are jsonb columns (packages/db/src/schema/automacao.ts:619-624), listed in persisted.csv (persisted-wire-06..10); the row also carries codigo/rotulo/descricao/tipo/consultavel/agregavel (Pipe-owned PT fields, non-jsonb, candidates for rename-with-db-key in 01-10) and twentyId/namePlural/labelPlural/icon/isCustom/isActive/isSystem/isRemote/applicationId (non-jsonb, mirror Twenty CRM Metadata API field names verbatim per file docstring ""nada inventado, tudo copiado"" - frozen naming constraint, not persisted.csv material since not jsonb; 01-08/01-10 to formalize as keep) | evidence: apps/api/src/controladores/crm.ts:43"
/v1/desk/canais,GET,raw-rows,canais.id;canais.nome;canais.tipo;canais.templates,rename-with-db-key,D-09,"listarCanaisComModelos spreads unmapped row {...c, templates}, consultas.ts:589-600; controladores/desk.ts:152-161 | evidence: apps/api/src/controladores/desk.ts:152"
/v1/desk/contatos/:id,GET,mapped,contato (FichaDoContato);historico,rename-with-db-key,D-09,"carregarContato/listarHistoricoDoContato explicit mapping, consultas.ts:559-586; controladores/desk.ts:137-149 | evidence: apps/api/src/controladores/desk.ts:137"
/v1/desk/contatos,GET,mapped,contatos (ContatoDaLista[]),rename-with-db-key,D-09,"listarContatos explicit .map, consultas.ts:519-548; controladores/desk.ts:124-134 | evidence: apps/api/src/controladores/desk.ts:124"
/v1/desk/conversas/:id,GET,raw-rows,templates.id;templates.nome;templates.categoria;templates.corpo;templates.variaveis;etiquetasDaConversa.id;etiquetasDaConversa.nome;etiquetasDoContato.id;etiquetasDoContato.nome;etiquetasDoContato.cor,rename-with-db-key,D-09,controladores/desk.ts:97-110; listarTemplatesAprovados/listarEtiquetasDaConversa (consultas.ts:277-323 return rows) and listarEtiquetasDoContato (dominio/etiquetas.ts:214-227 return rows) unmapped; templates.variaveis is templateMensagem.variaveis jsonb -> also persisted-flagged in notes for 01-10 | evidence: apps/api/src/controladores/desk.ts:90
/v1/desk/fila,GET,raw-rows,colegas.id;colegas.nome;respostas.id;respostas.escopo;respostas.categoria;respostas.atalho;respostas.titulo;respostas.corpo,rename-with-db-key,D-09,"controladores/desk.ts:78-86 aggregates listarColegas (dominio/desk/consultas.ts:365-370, return rows) and listarRespostasProntas (consultas.ts:263-276, return rows) unmapped; conversas/aguardando/status/motivos/etiquetas sub-fields are mapped | evidence: apps/api/src/controladores/desk.ts:72"
/v1/desk/filas,GET,raw-rows,filas.id;filas.nome,rename-with-db-key,D-09,"listarFilas, consultas.ts:495-500 return rows; controladores/desk.ts:116-121 | evidence: apps/api/src/controladores/desk.ts:114"
/v1/desk/metricas,GET,mapped,metricas;status,rename-with-db-key,D-09,"carregarMetricas + carregarStatus, both mapped; controladores/desk.ts:185-211 | evidence: apps/api/src/controladores/desk.ts:185"
/v1/desk/tickets/:id,GET,raw-rows,etiquetas.id;etiquetas.nome,rename-with-db-key,D-09,"ticket/itens/status mapped; listarEtiquetasDaConversa unmapped, consultas.ts:311-323; controladores/desk.ts:164-178 | evidence: apps/api/src/controladores/desk.ts:164"
/v1/etiquetas,GET,mapped,id;nome;cor;escopo;obrigatoriaNoEncerramento,rename-with-db-key,D-09,"listarEtiquetasDoTenant explicit .map, dominio/etiquetas.ts:40-63 | evidence: apps/api/src/controladores/etiquetas.ts:45"
/v1/eu,GET,mapped,usuario.id;usuario.nome;usuario.email;usuario.avatarUrl;tenant.id;tenant.nome;tenant.slug;tenant.plano;tenant.onboardingConcluido;permissoes;origem,rename-with-db-key,D-09,"controladores/entrar.ts:376-447; permissoes array VALUES are seeded permissao.codigo (persisted, out of scope for this wire key rename - handled by 01-08 literal-value classification) | evidence: apps/api/src/controladores/entrar.ts:374"
/v1/filas,GET,mapped,id;nome;cor;ordem;ativa;capacidade_padrao;aguardando;em_atendimento,rename-with-db-key,D-45,"D-45 owner decision: renamed (was keep, API-key endpoint; no real customers, D-43). API-key endpoint (Escopos filas:ler); controladores/catalogo.ts:316-330 | evidence: apps/api/src/controladores/catalogo.ts:272"
/v1/gestao/atendentes/filas,GET,mapped,(see dominio/gestao/*.ts explicit .select({...}) column list for this handler),rename-with-db-key,D-09,"gestao/* cluster confirmed via grep: every dominio/gestao/*.ts file except dicionario-crm.ts uses explicit tx.select({...}) column lists, never bare .select() - default mapped/rename-with-db-key; ComSessao-only (no API key scope) | evidence: apps/api/src/controladores/gestao-cadastros.ts:101"
/v1/gestao/atendentes/gestao,GET,mapped,(see dominio/gestao/*.ts explicit .select({...}) column list for this handler),rename-with-db-key,D-09,"gestao/* cluster confirmed via grep: every dominio/gestao/*.ts file except dicionario-crm.ts uses explicit tx.select({...}) column lists, never bare .select() - default mapped/rename-with-db-key; ComSessao-only (no API key scope) | evidence: apps/api/src/controladores/gestao-cadastros.ts:94"
/v1/gestao/atendentes/pausas,GET,mapped,(see dominio/gestao/*.ts explicit .select({...}) column list for this handler),rename-with-db-key,D-09,"gestao/* cluster confirmed via grep: every dominio/gestao/*.ts file except dicionario-crm.ts uses explicit tx.select({...}) column lists, never bare .select() - default mapped/rename-with-db-key; ComSessao-only (no API key scope) | evidence: apps/api/src/controladores/gestao-cadastros.ts:108"
/v1/gestao/atendentes/permissoes,GET,mapped,(see dominio/gestao/*.ts explicit .select({...}) column list for this handler),rename-with-db-key,D-09,"gestao/* cluster confirmed via grep: every dominio/gestao/*.ts file except dicionario-crm.ts uses explicit tx.select({...}) column lists, never bare .select() - default mapped/rename-with-db-key; ComSessao-only (no API key scope) | evidence: apps/api/src/controladores/gestao-cadastros.ts:461"
/v1/gestao/cabecalho,GET,mapped,(see dominio/gestao/*.ts explicit .select({...}) column list for this handler),rename-with-db-key,D-09,"gestao/* cluster confirmed via grep: every dominio/gestao/*.ts file except dicionario-crm.ts uses explicit tx.select({...}) column lists, never bare .select() - default mapped/rename-with-db-key; ComSessao-only (no API key scope) | evidence: apps/api/src/controladores/gestao-operacao.ts:123"
/v1/gestao/canais,GET,mapped,(see dominio/gestao/*.ts explicit .select({...}) column list for this handler),rename-with-db-key,D-09,"gestao/* cluster confirmed via grep: every dominio/gestao/*.ts file except dicionario-crm.ts uses explicit tx.select({...}) column lists, never bare .select() - default mapped/rename-with-db-key; ComSessao-only (no API key scope) | evidence: apps/api/src/controladores/gestao-cadastros.ts:133"
/v1/gestao/comunicacao/modelos,GET,jsonb,variaveis,persisted,D-09,"templateMensagem.variaveis jsonb passthrough via lerVariaveis, dominio/gestao/comunicacao.ts:118-141 | evidence: apps/api/src/controladores/gestao-cadastros.ts:115"
/v1/gestao/comunicacao/respostas-prontas,GET,mapped,(see dominio/gestao/*.ts explicit .select({...}) column list for this handler),rename-with-db-key,D-09,"gestao/* cluster confirmed via grep: every dominio/gestao/*.ts file except dicionario-crm.ts uses explicit tx.select({...}) column lists, never bare .select() - default mapped/rename-with-db-key; ComSessao-only (no API key scope) | evidence: apps/api/src/controladores/gestao-cadastros.ts:126"
/v1/gestao/configuracoes/dados,GET,mapped,(see dominio/gestao/*.ts explicit .select({...}) column list for this handler),rename-with-db-key,D-09,"gestao/* cluster confirmed via grep: every dominio/gestao/*.ts file except dicionario-crm.ts uses explicit tx.select({...}) column lists, never bare .select() - default mapped/rename-with-db-key; ComSessao-only (no API key scope) | evidence: apps/api/src/controladores/gestao-cadastros.ts:147"
/v1/gestao/configuracoes/gerais,GET,mapped,(see dominio/gestao/*.ts explicit .select({...}) column list for this handler),rename-with-db-key,D-09,"gestao/* cluster confirmed via grep: every dominio/gestao/*.ts file except dicionario-crm.ts uses explicit tx.select({...}) column lists, never bare .select() - default mapped/rename-with-db-key; ComSessao-only (no API key scope) | evidence: apps/api/src/controladores/gestao-cadastros.ts:154"
/v1/gestao/configuracoes/palavras-proibidas,GET,mapped,(see dominio/gestao/*.ts explicit .select({...}) column list for this handler),rename-with-db-key,D-09,"gestao/* cluster confirmed via grep: every dominio/gestao/*.ts file except dicionario-crm.ts uses explicit tx.select({...}) column lists, never bare .select() - default mapped/rename-with-db-key; ComSessao-only (no API key scope) | evidence: apps/api/src/controladores/gestao-cadastros.ts:366"
/v1/gestao/configuracoes/regras,GET,mapped,(see dominio/gestao/*.ts explicit .select({...}) column list for this handler),rename-with-db-key,D-09,"gestao/* cluster confirmed via grep: every dominio/gestao/*.ts file except dicionario-crm.ts uses explicit tx.select({...}) column lists, never bare .select() - default mapped/rename-with-db-key; ComSessao-only (no API key scope) | evidence: apps/api/src/controladores/gestao-cadastros.ts:140"
/v1/gestao/contrato/certificados,GET,mapped,(see dominio/gestao/*.ts explicit .select({...}) column list for this handler),rename-with-db-key,D-09,"gestao/* cluster confirmed via grep: every dominio/gestao/*.ts file except dicionario-crm.ts uses explicit tx.select({...}) column lists, never bare .select() - default mapped/rename-with-db-key; ComSessao-only (no API key scope) | evidence: apps/api/src/controladores/gestao-conta.ts:176"
/v1/gestao/contrato/membros,GET,mapped,(see dominio/gestao/*.ts explicit .select({...}) column list for this handler),rename-with-db-key,D-09,"gestao/* cluster confirmed via grep: every dominio/gestao/*.ts file except dicionario-crm.ts uses explicit tx.select({...}) column lists, never bare .select() - default mapped/rename-with-db-key; ComSessao-only (no API key scope) | evidence: apps/api/src/controladores/gestao-conta.ts:88"
/v1/gestao/contrato/resumo,GET,mapped,(see dominio/gestao/*.ts explicit .select({...}) column list for this handler),rename-with-db-key,D-09,"gestao/* cluster confirmed via grep: every dominio/gestao/*.ts file except dicionario-crm.ts uses explicit tx.select({...}) column lists, never bare .select() - default mapped/rename-with-db-key; ComSessao-only (no API key scope) | evidence: apps/api/src/controladores/gestao-conta.ts:81"
/v1/gestao/fluxos/:id/analise/dashboard,GET,mapped,(see dominio/gestao/*.ts explicit .select({...}) column list for this handler),rename-with-db-key,D-09,"gestao/* cluster confirmed via grep: every dominio/gestao/*.ts file except dicionario-crm.ts uses explicit tx.select({...}) column lists, never bare .select() - default mapped/rename-with-db-key; ComSessao-only (no API key scope) | evidence: apps/api/src/controladores/gestao-analise.ts:107"
/v1/gestao/fluxos/:id/analise/jornada,GET,mapped,(see dominio/gestao/*.ts explicit .select({...}) column list for this handler),rename-with-db-key,D-09,"gestao/* cluster confirmed via grep: every dominio/gestao/*.ts file except dicionario-crm.ts uses explicit tx.select({...}) column lists, never bare .select() - default mapped/rename-with-db-key; ComSessao-only (no API key scope) | evidence: apps/api/src/controladores/gestao-analise.ts:186"
/v1/gestao/fluxos/:id/analise/log,GET,jsonb,data.metadata,persisted,D-09,"mensagem.dados aliased ""metadata"" and passed through, dominio/gestao-analise.ts:460-522 (mapped envelope, metadata field is jsonb passthrough) | evidence: apps/api/src/controladores/gestao-analise.ts:236"
/v1/gestao/fluxos/:id/analise/mensagens-ativas,GET,mapped,(see dominio/gestao/*.ts explicit .select({...}) column list for this handler),rename-with-db-key,D-09,"gestao/* cluster confirmed via grep: every dominio/gestao/*.ts file except dicionario-crm.ts uses explicit tx.select({...}) column lists, never bare .select() - default mapped/rename-with-db-key; ComSessao-only (no API key scope) | evidence: apps/api/src/controladores/gestao-analise.ts:140"
/v1/gestao/fluxos/:id/analise/relatorios,GET,mapped,(see dominio/gestao/*.ts explicit .select({...}) column list for this handler),rename-with-db-key,D-09,"gestao/* cluster confirmed via grep: every dominio/gestao/*.ts file except dicionario-crm.ts uses explicit tx.select({...}) column lists, never bare .select() - default mapped/rename-with-db-key; ComSessao-only (no API key scope) | evidence: apps/api/src/controladores/gestao-analise.ts:216"
/v1/gestao/fluxos/:id/analise/visao-geral,GET,mapped,(see dominio/gestao/*.ts explicit .select({...}) column list for this handler),rename-with-db-key,D-09,"gestao/* cluster confirmed via grep: every dominio/gestao/*.ts file except dicionario-crm.ts uses explicit tx.select({...}) column lists, never bare .select() - default mapped/rename-with-db-key; ComSessao-only (no API key scope) | evidence: apps/api/src/controladores/gestao-analise.ts:167"
/v1/gestao/fluxos/:id/boas-vindas,GET,mapped,(see dominio/gestao/*.ts explicit .select({...}) column list for this handler),rename-with-db-key,D-09,"gestao/* cluster confirmed via grep: every dominio/gestao/*.ts file except dicionario-crm.ts uses explicit tx.select({...}) column lists, never bare .select() - default mapped/rename-with-db-key; ComSessao-only (no API key scope) | evidence: apps/api/src/controladores/gestao-fluxo.ts:304"
/v1/gestao/fluxos/:id/builder/versoes,GET,mapped,id;versao;estado;blocos;publicadaEm;publicadaPor;criadoEm;atualizadoEm,rename-with-db-key,D-09,"VersaoDoFluxo.blocos is a count (number), not content, packages/contracts/src/gestao-fluxo.ts:342; listarVersoes, builder-do-fluxo.ts:568-581 | evidence: apps/api/src/controladores/gestao-builder.ts:79"
/v1/gestao/fluxos/:id/builder,GET,jsonb,desenho,persisted,D-09,"BuilderDoFluxo.desenho renders bloco.conteudo jsonb per block, dominio/gestao/builder-do-fluxo.ts:173-260; packages/contracts/src/gestao-fluxo.ts BuilderDoFluxo | evidence: apps/api/src/controladores/gestao-builder.ts:38"
/v1/gestao/fluxos/:id/canal,GET,mapped,(see dominio/gestao/*.ts explicit .select({...}) column list for this handler),rename-with-db-key,D-09,"gestao/* cluster confirmed via grep: every dominio/gestao/*.ts file except dicionario-crm.ts uses explicit tx.select({...}) column lists, never bare .select() - default mapped/rename-with-db-key; ComSessao-only (no API key scope) | evidence: apps/api/src/controladores/gestao-fluxo.ts:254"
/v1/gestao/fluxos/:id/chaves,GET,mapped,(see dominio/gestao/*.ts explicit .select({...}) column list for this handler),rename-with-db-key,D-09,"gestao/* cluster confirmed via grep: every dominio/gestao/*.ts file except dicionario-crm.ts uses explicit tx.select({...}) column lists, never bare .select() - default mapped/rename-with-db-key; ComSessao-only (no API key scope) | evidence: apps/api/src/controladores/gestao-integracoes.ts:69"
/v1/gestao/fluxos/:id/conexao,GET,mapped,(see dominio/gestao/*.ts explicit .select({...}) column list for this handler),rename-with-db-key,D-09,"gestao/* cluster confirmed via grep: every dominio/gestao/*.ts file except dicionario-crm.ts uses explicit tx.select({...}) column lists, never bare .select() - default mapped/rename-with-db-key; ComSessao-only (no API key scope) | evidence: apps/api/src/controladores/gestao-integracoes.ts:116"
/v1/gestao/fluxos/:id/contatos/:contatoId,GET,mapped,(see dominio/gestao/*.ts explicit .select({...}) column list for this handler),rename-with-db-key,D-09,"gestao/* cluster confirmed via grep: every dominio/gestao/*.ts file except dicionario-crm.ts uses explicit tx.select({...}) column lists, never bare .select() - default mapped/rename-with-db-key; ComSessao-only (no API key scope) | evidence: apps/api/src/controladores/gestao-fluxo.ts:371"
/v1/gestao/fluxos/:id/contatos,GET,mapped,(see dominio/gestao/*.ts explicit .select({...}) column list for this handler),rename-with-db-key,D-09,"gestao/* cluster confirmed via grep: every dominio/gestao/*.ts file except dicionario-crm.ts uses explicit tx.select({...}) column lists, never bare .select() - default mapped/rename-with-db-key; ComSessao-only (no API key scope) | evidence: apps/api/src/controladores/gestao-fluxo.ts:360"
/v1/gestao/fluxos/:id/conteudos,GET,jsonb,modelos.variaveis,persisted,D-09,"carregarModelos jsonb passthrough, controladores/gestao-fluxo.ts:415-432 | evidence: apps/api/src/controladores/gestao-fluxo.ts:421"
/v1/gestao/fluxos/:id/equipe/eu,GET,mapped,(see dominio/gestao/*.ts explicit .select({...}) column list for this handler),rename-with-db-key,D-09,"gestao/* cluster confirmed via grep: every dominio/gestao/*.ts file except dicionario-crm.ts uses explicit tx.select({...}) column lists, never bare .select() - default mapped/rename-with-db-key; ComSessao-only (no API key scope) | evidence: apps/api/src/controladores/gestao-equipe.ts:62"
/v1/gestao/fluxos/:id/equipe,GET,mapped,(see dominio/gestao/*.ts explicit .select({...}) column list for this handler),rename-with-db-key,D-09,"gestao/* cluster confirmed via grep: every dominio/gestao/*.ts file except dicionario-crm.ts uses explicit tx.select({...}) column lists, never bare .select() - default mapped/rename-with-db-key; ComSessao-only (no API key scope) | evidence: apps/api/src/controladores/gestao-equipe.ts:48"
/v1/gestao/fluxos/:id/growth,GET,jsonb,modelos.variaveis,persisted,D-09,"templateMensagem.variaveis jsonb passthrough with no lerVariaveis guard, dominio/gestao-fluxo.ts:305-330 | evidence: apps/api/src/controladores/gestao-fluxo.ts:410"
/v1/gestao/fluxos/:fluxoId/links-rastreados,GET,mapped,data.id;data.fluxoId;data.nome;data.destinoUrl;data.codigo;data.urlCurta;data.cliques;data.criadoEm,rename-with-db-key,D-09,"listarLinksRastreados explicit mapping, dominio/rastreador-de-cliques.ts:121-157 | evidence: apps/api/src/controladores/rastreador-de-cliques.ts:42"
/v1/gestao/fluxos/:id/logs,GET,jsonb,metadata,persisted,D-09,"mensagem.dados aliased ""metadata"" passthrough, dominio/gestao-fluxo.ts:217-255 | evidence: apps/api/src/controladores/gestao-fluxo.ts:395"
/v1/gestao/fluxos/:id/menu-persistente,GET,mapped,(see dominio/gestao/*.ts explicit .select({...}) column list for this handler),rename-with-db-key,D-09,"gestao/* cluster confirmed via grep: every dominio/gestao/*.ts file except dicionario-crm.ts uses explicit tx.select({...}) column lists, never bare .select() - default mapped/rename-with-db-key; ComSessao-only (no API key scope) | evidence: apps/api/src/controladores/gestao-fluxo.ts:334"
/v1/gestao/fluxos/:id/servicos,GET,mapped,(see dominio/gestao/*.ts explicit .select({...}) column list for this handler),rename-with-db-key,D-09,"gestao/* cluster confirmed via grep: every dominio/gestao/*.ts file except dicionario-crm.ts uses explicit tx.select({...}) column lists, never bare .select() - default mapped/rename-with-db-key; ComSessao-only (no API key scope) | evidence: apps/api/src/controladores/gestao-fluxo.ts:437"
/v1/gestao/fluxos/:id,GET,mapped,(see dominio/gestao/*.ts explicit .select({...}) column list for this handler),rename-with-db-key,D-09,"gestao/* cluster confirmed via grep: every dominio/gestao/*.ts file except dicionario-crm.ts uses explicit tx.select({...}) column lists, never bare .select() - default mapped/rename-with-db-key; ComSessao-only (no API key scope) | evidence: apps/api/src/controladores/gestao-fluxo.ts:232"
/v1/gestao/fluxos,GET,mapped,(see dominio/gestao/*.ts explicit .select({...}) column list for this handler),rename-with-db-key,D-09,"gestao/* cluster confirmed via grep: every dominio/gestao/*.ts file except dicionario-crm.ts uses explicit tx.select({...}) column lists, never bare .select() - default mapped/rename-with-db-key; ComSessao-only (no API key scope) | evidence: apps/api/src/controladores/gestao-fluxo.ts:213"
/v1/gestao/historico,GET,mapped,(see dominio/gestao/*.ts explicit .select({...}) column list for this handler),rename-with-db-key,D-09,"gestao/* cluster confirmed via grep: every dominio/gestao/*.ts file except dicionario-crm.ts uses explicit tx.select({...}) column lists, never bare .select() - default mapped/rename-with-db-key; ComSessao-only (no API key scope) | evidence: apps/api/src/controladores/gestao-operacao.ts:229"
/v1/gestao/implantacao,GET,mapped,(see dominio/gestao/*.ts explicit .select({...}) column list for this handler),rename-with-db-key,D-09,"gestao/* cluster confirmed via grep: every dominio/gestao/*.ts file except dicionario-crm.ts uses explicit tx.select({...}) column lists, never bare .select() - default mapped/rename-with-db-key; ComSessao-only (no API key scope) | evidence: apps/api/src/controladores/gestao-conta.ts:164"
/v1/gestao/monitoramento/conversas/:id,GET,mapped,(see dominio/gestao/*.ts explicit .select({...}) column list for this handler),rename-with-db-key,D-09,"gestao/* cluster confirmed via grep: every dominio/gestao/*.ts file except dicionario-crm.ts uses explicit tx.select({...}) column lists, never bare .select() - default mapped/rename-with-db-key; ComSessao-only (no API key scope) | evidence: apps/api/src/controladores/gestao-operacao.ts:152"
/v1/gestao/monitoramento,GET,mapped,(see dominio/gestao/*.ts explicit .select({...}) column list for this handler),rename-with-db-key,D-09,"gestao/* cluster confirmed via grep: every dominio/gestao/*.ts file except dicionario-crm.ts uses explicit tx.select({...}) column lists, never bare .select() - default mapped/rename-with-db-key; ComSessao-only (no API key scope) | evidence: apps/api/src/controladores/gestao-operacao.ts:133"
/v1/gestao/monitoria/:id,GET,mapped,(see dominio/gestao/*.ts explicit .select({...}) column list for this handler),rename-with-db-key,D-09,"gestao/* cluster confirmed via grep: every dominio/gestao/*.ts file except dicionario-crm.ts uses explicit tx.select({...}) column lists, never bare .select() - default mapped/rename-with-db-key; ComSessao-only (no API key scope) | evidence: apps/api/src/controladores/gestao-operacao.ts:328"
/v1/gestao/monitoria,GET,mapped,(see dominio/gestao/*.ts explicit .select({...}) column list for this handler),rename-with-db-key,D-09,"gestao/* cluster confirmed via grep: every dominio/gestao/*.ts file except dicionario-crm.ts uses explicit tx.select({...}) column lists, never bare .select() - default mapped/rename-with-db-key; ComSessao-only (no API key scope) | evidence: apps/api/src/controladores/gestao-operacao.ts:306"
/v1/gestao/regras/atendimento,GET,mapped,(see dominio/gestao/*.ts explicit .select({...}) column list for this handler),rename-with-db-key,D-09,"gestao/* cluster confirmed via grep: every dominio/gestao/*.ts file except dicionario-crm.ts uses explicit tx.select({...}) column lists, never bare .select() - default mapped/rename-with-db-key; ComSessao-only (no API key scope) | evidence: apps/api/src/controladores/gestao-cadastros.ts:77"
/v1/gestao/regras/horarios,GET,mapped,(see dominio/gestao/*.ts explicit .select({...}) column list for this handler),rename-with-db-key,D-09,"gestao/* cluster confirmed via grep: every dominio/gestao/*.ts file except dicionario-crm.ts uses explicit tx.select({...}) column lists, never bare .select() - default mapped/rename-with-db-key; ComSessao-only (no API key scope) | evidence: apps/api/src/controladores/gestao-cadastros.ts:84"
/v1/gestao/regras/prioridade,GET,mapped,condicao,persisted,D-09,regraPrioridade.condicao jsonb field alongside mapped id/nome/nivel/escopoTipo/escopoId/ativa/criadoEm; dominio/gestao/regras-prioridade.ts:154-176 | evidence: apps/api/src/controladores/gestao-cadastros.ts:161
/v1/gestao/relatorios/atendimento,GET,mapped,(see dominio/gestao/*.ts explicit .select({...}) column list for this handler),rename-with-db-key,D-09,"gestao/* cluster confirmed via grep: every dominio/gestao/*.ts file except dicionario-crm.ts uses explicit tx.select({...}) column lists, never bare .select() - default mapped/rename-with-db-key; ComSessao-only (no API key scope) | evidence: apps/api/src/controladores/gestao-operacao.ts:253"
/v1/gestao/relatorios/esforco,GET,mapped,(see dominio/gestao/*.ts explicit .select({...}) column list for this handler),rename-with-db-key,D-09,"gestao/* cluster confirmed via grep: every dominio/gestao/*.ts file except dicionario-crm.ts uses explicit tx.select({...}) column lists, never bare .select() - default mapped/rename-with-db-key; ComSessao-only (no API key scope) | evidence: apps/api/src/controladores/gestao-operacao.ts:275"
/v1/gestao/relatorios/satisfacao,GET,mapped,(see dominio/gestao/*.ts explicit .select({...}) column list for this handler),rename-with-db-key,D-09,"gestao/* cluster confirmed via grep: every dominio/gestao/*.ts file except dicionario-crm.ts uses explicit tx.select({...}) column lists, never bare .select() - default mapped/rename-with-db-key; ComSessao-only (no API key scope) | evidence: apps/api/src/controladores/gestao-operacao.ts:290"
/v1/gestao/webhooks,GET,mapped,cabecalhos,persisted,D-09,"webhookSaida.cabecalhos jsonb (packages/db/src/schema/automacao.ts:673-676), WebhookDeSaida.cabecalhos passthrough, dominio/gestao/integracoes.ts:330-338 | evidence: apps/api/src/controladores/gestao-integracoes.ts:152"
/v1/mensagens-ativas/limites,GET,mapped,max_contatos_por_disparo;limite_diario_por_contato,rename-with-db-key,D-45,"D-45 owner decision: renamed (was keep, API-key endpoint; no real customers, D-43). API-key endpoint (ChaveOuSessao mensagens:ler); controladores/mensagens-ativas.ts:37-43 | evidence: apps/api/src/controladores/mensagens-ativas.ts:35"
/v1/mensagens-ativas,GET,mapped,janela_horas;data.id;data.conversa_id;data.contato_id;data.contato_nome;data.telefone;data.template_nome;data.estado_entrega;data.erro_codigo;data.criada_em,rename-with-db-key,D-45,"D-45 owner decision: renamed (was keep, API-key endpoint; no real customers, D-43). API-key endpoint (ChaveOuSessao mensagens:ler); controladores/mensagens-ativas.ts:48-69 | evidence: apps/api/src/controladores/mensagens-ativas.ts:46"
/v1/sso,GET,mapped,id;provedor;emissor;clienteId;estado;politica;testadaEm;ativadaEm;urlDeRetorno,rename-with-db-key,D-09,"paraJson mapper, controladores/sso.ts:247-260 | evidence: apps/api/src/controladores/sso.ts:52"
/webhooks/instagram/:canalId,GET,none,,keep,D-09,"plain-text echo of hub.challenge, Meta verification handshake contract; controladores/webhooks-instagram.ts:23-37 | evidence: apps/api/src/controladores/webhooks-instagram.ts:23"
/webhooks/messenger/:canalId,GET,none,,keep,D-09,Meta verification handshake; controladores/webhooks-messenger.ts:4 | evidence: apps/api/src/controladores/webhooks-messenger.ts:4
/webhooks/whatsapp/:canalId,GET,none,,keep,D-09,controladores/webhooks-whatsapp.ts:27-43 | evidence: apps/api/src/controladores/webhooks-whatsapp.ts:26
/webhooks/whatsapp,GET,none,,keep,D-09,account-level Meta verification handshake; controladores/webhooks-whatsapp.ts:100-112 | evidence: apps/api/src/controladores/webhooks-whatsapp.ts:100
/v1/canais/whatsapp/:id/perfil,PATCH,mapped,PerfilVisivel fields,rename-with-db-key,D-09,dominio/whatsapp/perfil.ts gravarPerfilDoCanal | evidence: apps/api/src/controladores/canais.ts:186
/v1/canais/whatsapp/:id/preferencias,PATCH,mapped,PreferenciasDoCanal fields,rename-with-db-key,D-09,dominio/whatsapp/preferencias.ts gravarPreferencias | evidence: apps/api/src/controladores/canais.ts:210
/v1/conta,PATCH,mapped,ContaEmVigor fields,rename-with-db-key,D-09,controladores/minha-conta.ts:207-250 | evidence: apps/api/src/controladores/minha-conta.ts:205
/v1/contatos/:id,PATCH,mapped,id;nome;telefone_e164;email;documento;bloqueado;criado_em;atributos,rename-with-db-key,D-09,ComSessao only (no Escopos) - internal; controladores/catalogo.ts:172-267 | evidence: apps/api/src/controladores/catalogo.ts:172
/v1/gestao/atendentes/filas/:id,PATCH,mapped,(see dominio/gestao/*.ts explicit .select({...}) column list for this handler),rename-with-db-key,D-09,"gestao/* cluster confirmed via grep: every dominio/gestao/*.ts file except dicionario-crm.ts uses explicit tx.select({...}) column lists, never bare .select() - default mapped/rename-with-db-key; ComSessao-only (no API key scope) | evidence: apps/api/src/controladores/gestao-cadastros.ts:182"
/v1/gestao/atendentes/pausas/:id,PATCH,mapped,(see dominio/gestao/*.ts explicit .select({...}) column list for this handler),rename-with-db-key,D-09,"gestao/* cluster confirmed via grep: every dominio/gestao/*.ts file except dicionario-crm.ts uses explicit tx.select({...}) column lists, never bare .select() - default mapped/rename-with-db-key; ComSessao-only (no API key scope) | evidence: apps/api/src/controladores/gestao-cadastros.ts:547"
/v1/gestao/atendentes/permissoes,PATCH,mapped,(see dominio/gestao/*.ts explicit .select({...}) column list for this handler),rename-with-db-key,D-09,"gestao/* cluster confirmed via grep: every dominio/gestao/*.ts file except dicionario-crm.ts uses explicit tx.select({...}) column lists, never bare .select() - default mapped/rename-with-db-key; ComSessao-only (no API key scope) | evidence: apps/api/src/controladores/gestao-cadastros.ts:478"
/v1/gestao/comunicacao/respostas-prontas/:id,PATCH,mapped,(see dominio/gestao/*.ts explicit .select({...}) column list for this handler),rename-with-db-key,D-09,"gestao/* cluster confirmed via grep: every dominio/gestao/*.ts file except dicionario-crm.ts uses explicit tx.select({...}) column lists, never bare .select() - default mapped/rename-with-db-key; ComSessao-only (no API key scope) | evidence: apps/api/src/controladores/gestao-cadastros.ts:505"
/v1/gestao/configuracoes/palavras-proibidas/:id,PATCH,mapped,(see dominio/gestao/*.ts explicit .select({...}) column list for this handler),rename-with-db-key,D-09,"gestao/* cluster confirmed via grep: every dominio/gestao/*.ts file except dicionario-crm.ts uses explicit tx.select({...}) column lists, never bare .select() - default mapped/rename-with-db-key; ComSessao-only (no API key scope) | evidence: apps/api/src/controladores/gestao-cadastros.ts:387"
/v1/gestao/configuracoes/regras/:id,PATCH,mapped,(see dominio/gestao/*.ts explicit .select({...}) column list for this handler),rename-with-db-key,D-09,"gestao/* cluster confirmed via grep: every dominio/gestao/*.ts file except dicionario-crm.ts uses explicit tx.select({...}) column lists, never bare .select() - default mapped/rename-with-db-key; ComSessao-only (no API key scope) | evidence: apps/api/src/controladores/gestao-cadastros.ts:339"
/v1/gestao/fluxos/:id/boas-vindas,PATCH,mapped,(see dominio/gestao/*.ts explicit .select({...}) column list for this handler),rename-with-db-key,D-09,"gestao/* cluster confirmed via grep: every dominio/gestao/*.ts file except dicionario-crm.ts uses explicit tx.select({...}) column lists, never bare .select() - default mapped/rename-with-db-key; ComSessao-only (no API key scope) | evidence: apps/api/src/controladores/gestao-fluxo.ts:315"
/v1/gestao/fluxos/:id/equipe/:usuarioId,PATCH,mapped,(see dominio/gestao/*.ts explicit .select({...}) column list for this handler),rename-with-db-key,D-09,"gestao/* cluster confirmed via grep: every dominio/gestao/*.ts file except dicionario-crm.ts uses explicit tx.select({...}) column lists, never bare .select() - default mapped/rename-with-db-key; ComSessao-only (no API key scope) | evidence: apps/api/src/controladores/gestao-equipe.ts:90"
/v1/gestao/fluxos/:id/menu-persistente,PATCH,mapped,(see dominio/gestao/*.ts explicit .select({...}) column list for this handler),rename-with-db-key,D-09,"gestao/* cluster confirmed via grep: every dominio/gestao/*.ts file except dicionario-crm.ts uses explicit tx.select({...}) column lists, never bare .select() - default mapped/rename-with-db-key; ComSessao-only (no API key scope) | evidence: apps/api/src/controladores/gestao-fluxo.ts:345"
/v1/gestao/fluxos/:id/servicos/:servicoId,PATCH,mapped,(see dominio/gestao/*.ts explicit .select({...}) column list for this handler),rename-with-db-key,D-09,"gestao/* cluster confirmed via grep: every dominio/gestao/*.ts file except dicionario-crm.ts uses explicit tx.select({...}) column lists, never bare .select() - default mapped/rename-with-db-key; ComSessao-only (no API key scope) | evidence: apps/api/src/controladores/gestao-fluxo.ts:466"
/v1/gestao/fluxos/:id,PATCH,mapped,(see dominio/gestao/*.ts explicit .select({...}) column list for this handler),rename-with-db-key,D-09,"gestao/* cluster confirmed via grep: every dominio/gestao/*.ts file except dicionario-crm.ts uses explicit tx.select({...}) column lists, never bare .select() - default mapped/rename-with-db-key; ComSessao-only (no API key scope) | evidence: apps/api/src/controladores/gestao-fluxo.ts:177"
/v1/gestao/regras/atendimento/:id,PATCH,mapped,(see dominio/gestao/*.ts explicit .select({...}) column list for this handler),rename-with-db-key,D-09,"gestao/* cluster confirmed via grep: every dominio/gestao/*.ts file except dicionario-crm.ts uses explicit tx.select({...}) column lists, never bare .select() - default mapped/rename-with-db-key; ComSessao-only (no API key scope) | evidence: apps/api/src/controladores/gestao-cadastros.ts:248"
/v1/gestao/regras/horarios/excecoes/:id,PATCH,mapped,(see dominio/gestao/*.ts explicit .select({...}) column list for this handler),rename-with-db-key,D-09,"gestao/* cluster confirmed via grep: every dominio/gestao/*.ts file except dicionario-crm.ts uses explicit tx.select({...}) column lists, never bare .select() - default mapped/rename-with-db-key; ComSessao-only (no API key scope) | evidence: apps/api/src/controladores/gestao-cadastros.ts:300"
/v1/gestao/regras/horarios/faixas/:id,PATCH,mapped,(see dominio/gestao/*.ts explicit .select({...}) column list for this handler),rename-with-db-key,D-09,"gestao/* cluster confirmed via grep: every dominio/gestao/*.ts file except dicionario-crm.ts uses explicit tx.select({...}) column lists, never bare .select() - default mapped/rename-with-db-key; ComSessao-only (no API key scope) | evidence: apps/api/src/controladores/gestao-cadastros.ts:275"
/v1/gestao/regras/prioridade/:id,PATCH,mapped,condicao,persisted,D-09,dominio/gestao/regras-prioridade.ts:233-271 | evidence: apps/api/src/controladores/gestao-cadastros.ts:429
/v1/gestao/webhooks/:webhookId,PATCH,mapped,cabecalhos,persisted,D-09,controladores/gestao-integracoes.ts:177-195 | evidence: apps/api/src/controladores/gestao-integracoes.ts:177
/v1/anexos,POST,mapped,id;mime;bytes;tipo;link;max_por_mensagem,rename-with-db-key,D-45,"D-45 owner decision: renamed (was keep, API-key endpoint; no real customers, D-43). API-key endpoint (mensagens:escrever); explicit literal object, controladores/anexos.ts:50-57 | evidence: apps/api/src/controladores/anexos.ts:26"
/v1/atendentes/status,POST,mapped,usuario_id;estado,rename-with-db-key,D-45,"D-45 owner decision: renamed (was keep, API-key endpoint; no real customers, D-43). API-key endpoint (atendentes:ler, ChaveOuSessao); controladores/catalogo.ts:357-365 | evidence: apps/api/src/controladores/catalogo.ts:339"
/v1/auth/descobrir,POST,mapped,descobrirEntrada() fields,rename-with-db-key,D-09,controladores/sso.ts:100-104 | evidence: apps/api/src/controladores/sso.ts:100
/v1/auth/sair,POST,none,,keep,D-09,204 no body; controladores/entrar.ts:350-356 | evidence: apps/api/src/controladores/entrar.ts:350
/v1/canais/instagram/manual,POST,mapped,id;tipo;nome;numero;ativo;erroDeWebhook;webhook,rename-with-db-key,D-09,spread of mapped CanalInstagramVisivel + literal fields; controladores/canais-instagram.ts:30-46 | evidence: apps/api/src/controladores/canais-instagram.ts:27
/v1/canais/messenger/manual,POST,mapped,canal fields;erroDeWebhook;webhook,rename-with-db-key,D-09,controladores/canais-messenger.ts:7 | evidence: apps/api/src/controladores/canais-messenger.ts:7
/v1/canais/whatsapp/:id/modelos/sincronizar,POST,mapped,ResultadoDaSincronizacao fields,rename-with-db-key,D-09,dominio/whatsapp/modelos.ts sincronizarModelos | evidence: apps/api/src/controladores/canais.ts:223
/v1/canais/whatsapp/:id/modelos,POST,jsonb,variaveis,persisted,D-09,templateMensagem.variaveis jsonb passthrough; dominio/whatsapp/modelos.ts:247 return rows | evidence: apps/api/src/controladores/canais.ts:236
/v1/canais/whatsapp/estado,POST,mapped,estado;appId;configId;versao;modo,rename-with-db-key,D-09,controladores/canais.ts:60-69 | evidence: apps/api/src/controladores/canais.ts:57
/v1/canais/whatsapp/manual,POST,mapped,canal fields;erroDeWebhook;webhook,rename-with-db-key,D-09,controladores/canais.ts:128-170 | evidence: apps/api/src/controladores/canais.ts:125
/v1/canais/whatsapp,POST,mapped,canal fields (CanalWhatsAppVisivel);mensagem,rename-with-db-key,D-09,lerCanalVisivel mapped; controladores/canais.ts:80-116 | evidence: apps/api/src/controladores/canais.ts:77
/v1/contas/trocar,POST,mapped,tenantId;slug,rename-with-db-key,D-09,controladores/minha-conta.ts:306-354 | evidence: apps/api/src/controladores/minha-conta.ts:304
/v1/contas,POST,mapped,email,rename-with-db-key,D-09,"controladores/contas.ts:22-41, public signup, no API key/session | evidence: apps/api/src/controladores/contas.ts:20"
/v1/contatos/:id/etiquetas,POST,mapped,etiquetaId;nome;aplicada,rename-with-db-key,D-45,"D-45 owner decision: renamed (was keep, API-key endpoint; no real customers, D-43). API-key endpoint; etiquetarContato mapped, dominio/etiquetas.ts:246-277 | evidence: apps/api/src/controladores/etiquetas.ts:112"
/v1/contatos/importacoes,POST,mapped,ImportacaoVisivel fields,rename-with-db-key,D-09,controladores/importacoes.ts:30-43 | evidence: apps/api/src/controladores/importacoes.ts:27
/v1/contatos,POST,mapped,id;nome;telefone_e164;email;documento;bloqueado;criado_em;atributos,rename-with-db-key,D-45,"D-45 owner decision: renamed (was keep, API-key endpoint; no real customers, D-43). API-key endpoint (contatos:escrever); controladores/catalogo.ts:124-163 | evidence: apps/api/src/controladores/catalogo.ts:124"
/v1/conversas/:id/encerrar,POST,mapped,estado;motivo_encerramento,rename-with-db-key,D-45,"D-45 owner decision: renamed (was keep, API-key endpoint; no real customers, D-43). API-key endpoint (conversas:escrever); controladores/conversas.ts:299-316 | evidence: apps/api/src/controladores/conversas.ts:299"
/v1/conversas/:id/espera,POST,mapped,estado;pausado_seg,rename-with-db-key,D-45,"D-45 owner decision: renamed (was keep, API-key endpoint; no real customers, D-43). API-key endpoint; controladores/conversas.ts:372-388 | evidence: apps/api/src/controladores/conversas.ts:372"
/v1/conversas/:id/etiquetas,POST,mapped,etiquetaId;nome;aplicada,rename-with-db-key,D-45,"D-45 owner decision: renamed (was keep, API-key endpoint; no real customers, D-43). API-key endpoint (ChaveOuSessao); etiquetarConversa mapped, dominio/etiquetas.ts:133-167 | evidence: apps/api/src/controladores/etiquetas.ts:63"
/v1/conversas/:id/mensagens/:mensagemId/reenviar,POST,mapped,id;estado_entrega,rename-with-db-key,D-45,"D-45 owner decision: renamed (was keep, API-key endpoint; no real customers, D-43). API-key endpoint; controladores/conversas.ts:325-334 | evidence: apps/api/src/controladores/conversas.ts:325"
/v1/conversas/:id/mensagens/anexos,POST,mapped,mensagens.id;mensagens.estado_entrega;mensagens.dentro_da_janela;mensagens.categoria_cobranca;mensagens.conteudo,rename-with-db-key,D-45,"D-45 owner decision: renamed (was keep, API-key endpoint; no real customers, D-43). API-key endpoint; controladores/conversas.ts:262-294 | evidence: apps/api/src/controladores/conversas.ts:262"
/v1/conversas/:id/mensagens,POST,mapped,id;estado_entrega;dentro_da_janela;categoria_cobranca;conteudo,rename-with-db-key,D-45,"D-45 owner decision: renamed (was keep, API-key endpoint; no real customers, D-43). API-key endpoint (mensagens:escrever); controladores/conversas.ts:225-254 | evidence: apps/api/src/controladores/conversas.ts:225"
/v1/conversas/:id/transferir,POST,mapped,de_conversa_id;para_conversa_id;estado,rename-with-db-key,D-45,"D-45 owner decision: renamed (was keep, API-key endpoint; no real customers, D-43). API-key endpoint; controladores/conversas.ts:343-369 | evidence: apps/api/src/controladores/conversas.ts:343"
/v1/convites/:token/aceitar,POST,mapped,usuarioId;email;papel;tenant;entrarEm,rename-with-db-key,D-09,controladores/convites.ts:102-111 | evidence: apps/api/src/controladores/convites.ts:100
/v1/convites/:id/reenviar,POST,mapped,id;email;papel;url;expiraEm,rename-with-db-key,D-09,controladores/convites.ts:60-75 | evidence: apps/api/src/controladores/convites.ts:57
/v1/convites,POST,mapped,id;email;papel;url;expiraEm,rename-with-db-key,D-09,ComSessao only; controladores/convites.ts:29-50 | evidence: apps/api/src/controladores/convites.ts:26
/v1/crm/dicionario/sincronizar,POST,mapped,enfileirado,rename-with-db-key,D-09,controladores/crm.ts:56-61 | evidence: apps/api/src/controladores/crm.ts:53
/v1/desk/acoes/:acao,POST,mapped,ok;erro,rename-with-db-key,D-09,"Resultado type, dominio/gestao/acoes/campos.ts:31-34; controladores/desk.ts:216-229 | evidence: apps/api/src/controladores/desk.ts:216"
/v1/dominios/:id/verificar,POST,mapped,id;dominio;verificadoEm,rename-with-db-key,D-09,controladores/convites.ts:140-153 | evidence: apps/api/src/controladores/convites.ts:137
/v1/dominios,POST,mapped,id;dominio;verificadoEm;registro,rename-with-db-key,D-09,controladores/convites.ts:120-134 | evidence: apps/api/src/controladores/convites.ts:117
/v1/gestao/acoes/:acao,POST,mapped,(see dominio/gestao/*.ts explicit .select({...}) column list for this handler),rename-with-db-key,D-09,"gestao/* cluster confirmed via grep: every dominio/gestao/*.ts file except dicionario-crm.ts uses explicit tx.select({...}) column lists, never bare .select() - default mapped/rename-with-db-key; ComSessao-only (no API key scope) | evidence: apps/api/src/controladores/gestao-cadastros.ts:578"
/v1/gestao/atendentes/filas/:id/atendentes,POST,mapped,(see dominio/gestao/*.ts explicit .select({...}) column list for this handler),rename-with-db-key,D-09,"gestao/* cluster confirmed via grep: every dominio/gestao/*.ts file except dicionario-crm.ts uses explicit tx.select({...}) column lists, never bare .select() - default mapped/rename-with-db-key; ComSessao-only (no API key scope) | evidence: apps/api/src/controladores/gestao-cadastros.ts:207"
/v1/gestao/atendentes/filas,POST,mapped,(see dominio/gestao/*.ts explicit .select({...}) column list for this handler),rename-with-db-key,D-09,"gestao/* cluster confirmed via grep: every dominio/gestao/*.ts file except dicionario-crm.ts uses explicit tx.select({...}) column lists, never bare .select() - default mapped/rename-with-db-key; ComSessao-only (no API key scope) | evidence: apps/api/src/controladores/gestao-cadastros.ts:170"
/v1/gestao/atendentes/pausas,POST,mapped,(see dominio/gestao/*.ts explicit .select({...}) column list for this handler),rename-with-db-key,D-09,"gestao/* cluster confirmed via grep: every dominio/gestao/*.ts file except dicionario-crm.ts uses explicit tx.select({...}) column lists, never bare .select() - default mapped/rename-with-db-key; ComSessao-only (no API key scope) | evidence: apps/api/src/controladores/gestao-cadastros.ts:535"
/v1/gestao/comunicacao/respostas-prontas,POST,mapped,(see dominio/gestao/*.ts explicit .select({...}) column list for this handler),rename-with-db-key,D-09,"gestao/* cluster confirmed via grep: every dominio/gestao/*.ts file except dicionario-crm.ts uses explicit tx.select({...}) column lists, never bare .select() - default mapped/rename-with-db-key; ComSessao-only (no API key scope) | evidence: apps/api/src/controladores/gestao-cadastros.ts:493"
/v1/gestao/configuracoes/palavras-proibidas,POST,mapped,(see dominio/gestao/*.ts explicit .select({...}) column list for this handler),rename-with-db-key,D-09,"gestao/* cluster confirmed via grep: every dominio/gestao/*.ts file except dicionario-crm.ts uses explicit tx.select({...}) column lists, never bare .select() - default mapped/rename-with-db-key; ComSessao-only (no API key scope) | evidence: apps/api/src/controladores/gestao-cadastros.ts:375"
/v1/gestao/configuracoes/regras,POST,mapped,(see dominio/gestao/*.ts explicit .select({...}) column list for this handler),rename-with-db-key,D-09,"gestao/* cluster confirmed via grep: every dominio/gestao/*.ts file except dicionario-crm.ts uses explicit tx.select({...}) column lists, never bare .select() - default mapped/rename-with-db-key; ComSessao-only (no API key scope) | evidence: apps/api/src/controladores/gestao-cadastros.ts:327"
/v1/gestao/contrato/certificados,POST,mapped,(see dominio/gestao/*.ts explicit .select({...}) column list for this handler),rename-with-db-key,D-09,"gestao/* cluster confirmed via grep: every dominio/gestao/*.ts file except dicionario-crm.ts uses explicit tx.select({...}) column lists, never bare .select() - default mapped/rename-with-db-key; ComSessao-only (no API key scope) | evidence: apps/api/src/controladores/gestao-conta.ts:187"
/v1/gestao/contrato/membros/excluir,POST,mapped,(see dominio/gestao/*.ts explicit .select({...}) column list for this handler),rename-with-db-key,D-09,"gestao/* cluster confirmed via grep: every dominio/gestao/*.ts file except dicionario-crm.ts uses explicit tx.select({...}) column lists, never bare .select() - default mapped/rename-with-db-key; ComSessao-only (no API key scope) | evidence: apps/api/src/controladores/gestao-conta.ts:131"
/v1/gestao/contrato/membros/papel,POST,mapped,(see dominio/gestao/*.ts explicit .select({...}) column list for this handler),rename-with-db-key,D-09,"gestao/* cluster confirmed via grep: every dominio/gestao/*.ts file except dicionario-crm.ts uses explicit tx.select({...}) column lists, never bare .select() - default mapped/rename-with-db-key; ComSessao-only (no API key scope) | evidence: apps/api/src/controladores/gestao-conta.ts:101"
/v1/gestao/fluxos/:id/builder/publicar,POST,mapped,versao;arquivada,rename-with-db-key,D-09,"VersaoPublicada response is just version bookkeeping (numbers/booleans), no content echoed, dominio/gestao/builder-do-fluxo.ts:488+ | evidence: apps/api/src/controladores/gestao-builder.ts:65"
/v1/gestao/fluxos/:id/builder/versoes/:versao/restaurar,POST,mapped,versao;erros;naoSuportado,rename-with-db-key,D-09,"RascunhoGravado response does not echo content; restaurarVersao reads bloco.conteudo jsonb internally (builder-do-fluxo.ts:584-602) and re-persists it via gravarRascunho, but the response body is just version bookkeeping | evidence: apps/api/src/controladores/gestao-builder.ts:92"
/v1/gestao/fluxos/:id/chaves,POST,mapped,(see dominio/gestao/*.ts explicit .select({...}) column list for this handler),rename-with-db-key,D-09,"gestao/* cluster confirmed via grep: every dominio/gestao/*.ts file except dicionario-crm.ts uses explicit tx.select({...}) column lists, never bare .select() - default mapped/rename-with-db-key; ComSessao-only (no API key scope) | evidence: apps/api/src/controladores/gestao-integracoes.ts:82"
/v1/gestao/fluxos/:id/equipe,POST,mapped,(see dominio/gestao/*.ts explicit .select({...}) column list for this handler),rename-with-db-key,D-09,"gestao/* cluster confirmed via grep: every dominio/gestao/*.ts file except dicionario-crm.ts uses explicit tx.select({...}) column lists, never bare .select() - default mapped/rename-with-db-key; ComSessao-only (no API key scope) | evidence: apps/api/src/controladores/gestao-equipe.ts:75"
/v1/gestao/fluxos/:fluxoId/links-rastreados,POST,mapped,id;fluxoId;nome;destinoUrl;codigo;urlCurta;cliques;criadoEm,rename-with-db-key,D-09,"criarLinkRastreado, dominio/rastreador-de-cliques.ts:79-118 | evidence: apps/api/src/controladores/rastreador-de-cliques.ts:58"
/v1/gestao/fluxos/:id/servicos,POST,mapped,(see dominio/gestao/*.ts explicit .select({...}) column list for this handler),rename-with-db-key,D-09,"gestao/* cluster confirmed via grep: every dominio/gestao/*.ts file except dicionario-crm.ts uses explicit tx.select({...}) column lists, never bare .select() - default mapped/rename-with-db-key; ComSessao-only (no API key scope) | evidence: apps/api/src/controladores/gestao-fluxo.ts:452"
/v1/gestao/fluxos,POST,mapped,(see dominio/gestao/*.ts explicit .select({...}) column list for this handler),rename-with-db-key,D-09,"gestao/* cluster confirmed via grep: every dominio/gestao/*.ts file except dicionario-crm.ts uses explicit tx.select({...}) column lists, never bare .select() - default mapped/rename-with-db-key; ComSessao-only (no API key scope) | evidence: apps/api/src/controladores/gestao-fluxo.ts:145"
/v1/gestao/monitoramento/conversas/:id/finalizar,POST,mapped,(see dominio/gestao/*.ts explicit .select({...}) column list for this handler),rename-with-db-key,D-09,"gestao/* cluster confirmed via grep: every dominio/gestao/*.ts file except dicionario-crm.ts uses explicit tx.select({...}) column lists, never bare .select() - default mapped/rename-with-db-key; ComSessao-only (no API key scope) | evidence: apps/api/src/controladores/gestao-operacao.ts:205"
/v1/gestao/monitoramento/conversas/:id/notas,POST,mapped,(see dominio/gestao/*.ts explicit .select({...}) column list for this handler),rename-with-db-key,D-09,"gestao/* cluster confirmed via grep: every dominio/gestao/*.ts file except dicionario-crm.ts uses explicit tx.select({...}) column lists, never bare .select() - default mapped/rename-with-db-key; ComSessao-only (no API key scope) | evidence: apps/api/src/controladores/gestao-operacao.ts:165"
/v1/gestao/monitoramento/conversas/:id/transferir,POST,mapped,(see dominio/gestao/*.ts explicit .select({...}) column list for this handler),rename-with-db-key,D-09,"gestao/* cluster confirmed via grep: every dominio/gestao/*.ts file except dicionario-crm.ts uses explicit tx.select({...}) column lists, never bare .select() - default mapped/rename-with-db-key; ComSessao-only (no API key scope) | evidence: apps/api/src/controladores/gestao-operacao.ts:181"
/v1/gestao/regras/prioridade,POST,mapped,condicao,persisted,D-09,dominio/gestao/regras-prioridade.ts:196-260 | evidence: apps/api/src/controladores/gestao-cadastros.ts:417
/v1/gestao/webhooks/:webhookId/testar,POST,mapped,ok;status;erro;corpo,rename-with-db-key,D-09,"ResultadoDoTeste, no jsonb passthrough (corpo is a truncated string preview), dominio/gestao/integracoes.ts:735-741 | evidence: apps/api/src/controladores/gestao-integracoes.ts:211"
/v1/gestao/webhooks,POST,mapped,cabecalhos,persisted,D-09,controladores/gestao-integracoes.ts:159-175 | evidence: apps/api/src/controladores/gestao-integracoes.ts:159
/v1/mensagens-ativas,POST,mapped,enviadas;recusadas;data.telefone;data.contato_id;data.enviada;data.mensagem_id;data.conversa_id;data.motivo;data.detalhe,rename-with-db-key,D-45,"D-45 owner decision: renamed (was keep, API-key endpoint; no real customers, D-43). API-key endpoint (ChaveOuSessao mensagens:escrever); controladores/mensagens-ativas.ts:74-126 | evidence: apps/api/src/controladores/mensagens-ativas.ts:71"
/v1/sso/estado,POST,mapped,id;provedor;emissor;clienteId;estado;politica;testadaEm;ativadaEm;urlDeRetorno,rename-with-db-key,D-09,controladores/sso.ts:78-88 | evidence: apps/api/src/controladores/sso.ts:78
/webhooks/instagram/:canalId,POST,mapped,recebido,keep,D-09,Meta webhook ack; controladores/webhooks-instagram.ts:39-64 | evidence: apps/api/src/controladores/webhooks-instagram.ts:39
/webhooks/messenger/:canalId,POST,mapped,recebido,keep,D-09,controladores/webhooks-messenger.ts:5 | evidence: apps/api/src/controladores/webhooks-messenger.ts:5
/webhooks/whatsapp/:canalId,POST,mapped,recebido,keep,D-09,controladores/webhooks-whatsapp.ts:45-76 | evidence: apps/api/src/controladores/webhooks-whatsapp.ts:45
/webhooks/whatsapp,POST,mapped,recebido,keep,D-09,controladores/webhooks-whatsapp.ts:114-144 | evidence: apps/api/src/controladores/webhooks-whatsapp.ts:114
/v1/gestao/fluxos/:id/builder,PUT,mapped,versao;erros;naoSuportado,rename-with-db-key,D-09,"RascunhoGravado response does not echo content (versao is an integer, not the drawing); the REQUEST body is jsonb bloco.conteudo written by salvarRascunho - tracked separately via persisted.csv:persisted-wire-01 (desenho), not this response | evidence: apps/api/src/controladores/gestao-builder.ts:51"
/v1/gestao/fluxos/:id/canal,PUT,mapped,(see dominio/gestao/*.ts explicit .select({...}) column list for this handler),rename-with-db-key,D-09,"gestao/* cluster confirmed via grep: every dominio/gestao/*.ts file except dicionario-crm.ts uses explicit tx.select({...}) column lists, never bare .select() - default mapped/rename-with-db-key; ComSessao-only (no API key scope) | evidence: apps/api/src/controladores/gestao-fluxo.ts:266"
/v1/gestao/fluxos/:id/conexao,PUT,mapped,(see dominio/gestao/*.ts explicit .select({...}) column list for this handler),rename-with-db-key,D-09,"gestao/* cluster confirmed via grep: every dominio/gestao/*.ts file except dicionario-crm.ts uses explicit tx.select({...}) column lists, never bare .select() - default mapped/rename-with-db-key; ComSessao-only (no API key scope) | evidence: apps/api/src/controladores/gestao-integracoes.ts:129"
/v1/sso,PUT,mapped,id;provedor;emissor;clienteId;estado;politica;testadaEm;ativadaEm;urlDeRetorno,rename-with-db-key,D-09,controladores/sso.ts:62-71 | evidence: apps/api/src/controladores/sso.ts:62
